# Wavelength [Ã…], Flux [10**-15 erg s-1 cm-2]
3.489808011736696699e+03,1.160570972487112481e-17
3.493085175044867356e+03,2.085444794809429925e-17
3.496362338353048472e+03,2.580560745443961828e-18
3.499639501661219583e+03,-6.093333284031191463e-18
3.502916664969390240e+03,1.611516552985287195e-17
3.506193828277561352e+03,3.227684549794491956e-19
3.509470991585732463e+03,-1.548533940864598003e-19
3.512748154893903575e+03,9.367536232381038259e-18
3.516025318202074232e+03,-8.456209789188045182e-18
3.519302481510245343e+03,3.801949730275817801e-18
3.522579644818416455e+03,1.650811076764856234e-17
3.525856808126587566e+03,7.137501663321092592e-18
3.529133971434768227e+03,9.396798096330728084e-18
3.532411134742939339e+03,1.645703990837730033e-17
3.535688298051110451e+03,5.246287641056831197e-18
3.538965461359281107e+03,-1.316012188206590464e-18
3.542242624667452219e+03,5.930591681298760541e-18
3.545519787975623331e+03,9.707213441316300420e-18
3.548796951283794442e+03,-4.679889377100545753e-19
3.552074114591965099e+03,3.885863452367158331e-18
3.555351277900146215e+03,1.234526028283641014e-18
3.558628441208317327e+03,1.578142855795910003e-18
3.561905604516488438e+03,8.800443493644797240e-18
3.565182767824659095e+03,5.343085419586294058e-18
3.568459931132830661e+03,-3.694002752532252321e-18
3.571737094441001318e+03,-2.065887679286140729e-18
3.575014257749172430e+03,1.479072855320330795e-17
3.578291421057343086e+03,5.432444331478436182e-18
3.581568584365514653e+03,-1.284451574640922776e-18
3.584845747673685310e+03,1.067782108517754519e-17
3.588122910981865971e+03,3.164848015500579039e-18
3.591400074290037082e+03,-1.508400026948503103e-18
3.594677237598208194e+03,4.228775071014237117e-18
3.597954400906379306e+03,6.718394312071742702e-18
3.601231564214549962e+03,9.632717916067631032e-18
3.604508727522721529e+03,4.804972879025463407e-18
3.607785890830892185e+03,-4.865009973320049771e-18
3.611063054139063297e+03,1.802977844761797638e-18
3.614340217447243958e+03,8.356271369740708150e-20
3.617617380755415525e+03,-3.309194901415940217e-19
3.620894544063586181e+03,2.610970252121671540e-18
3.624171707371757293e+03,6.140186169349249251e-18
3.627448870679927950e+03,4.787816286829070891e-18
3.630726033988099516e+03,1.324617669214807223e-18
3.634003197296270173e+03,1.095317130338593718e-19
3.637280360604441285e+03,5.625550113195981749e-18
3.640557523912612396e+03,3.291628644954154518e-18
3.643834687220793057e+03,5.905482123458656262e-18
3.647111850528964169e+03,3.180839439527750358e-18
3.650389013837134826e+03,-3.458249965520179504e-18
3.653666177145306392e+03,2.974435650883964469e-18
3.656943340453477049e+03,-1.220578279097649007e-18
3.660220503761648160e+03,-1.752492260051865995e-18
3.663497667069818817e+03,6.331739411435694694e-18
3.666774830377990384e+03,2.566759510658078806e-18
3.670051993686161040e+03,-4.859168711006834795e-18
3.673329156994332152e+03,1.519908739785192924e-18
3.676606320302512813e+03,7.872529838801378012e-18
3.679883483610684380e+03,3.928302509048345957e-18
3.683160646918855036e+03,1.982259318465495747e-18
3.686437810227026148e+03,6.164235697082554682e-18
3.689714973535197259e+03,5.830889658621761166e-18
3.692992136843367916e+03,9.770660163533044088e-19
3.696269300151539028e+03,1.205632146315135940e-18
3.699546463459709685e+03,5.488252890551883142e-19
3.702823626767881251e+03,5.805919569817141184e-18
3.706100790076061912e+03,3.124118600796748408e-18
3.709377953384233024e+03,1.819540211431634910e-18
3.712655116692403681e+03,4.262259284588785924e-19
3.715932280000575247e+03,8.856400222671658438e-18
3.719209443308745904e+03,1.196324335254116376e-17
3.722486606616917015e+03,1.115551519333046313e-17
3.725763769925088127e+03,6.400722604554400212e-18
3.729040933233259238e+03,1.616733723883806132e-18
3.732318096541439900e+03,2.970495912012460424e-18
3.735595259849610557e+03,8.859077324717607793e-19
3.738872423157782123e+03,2.236718232719731236e-18
3.742149586465952780e+03,2.927049373877511286e-18
3.745426749774123891e+03,6.194869884251546472e-18
3.748703913082294548e+03,4.054299298229394249e-18
3.751981076390466114e+03,3.256875733457817422e-18
3.755258239698636771e+03,4.751102930839819653e-18
3.758535403006807883e+03,4.914979755521402246e-18
3.761812566314978994e+03,5.082660077235977051e-18
3.765089729623160110e+03,4.444402465181638266e-18
3.768366892931330767e+03,3.515648546903417829e-18
3.771644056239501879e+03,-3.232181308028940443e-19
3.774921219547672990e+03,3.207069166661144859e-18
3.778198382855844102e+03,3.361112877824665388e-18
3.781475546164014759e+03,2.598363384832983575e-18
3.784752709472185870e+03,1.538279842791984379e-18
3.788029872780356982e+03,1.921704953438508330e-18
3.791307036088528093e+03,3.977205808872505041e-18
3.794584199396708755e+03,3.064503115764249908e-18
3.797861362704879866e+03,2.863651192844430434e-18
3.801138526013050978e+03,6.586242044401207807e-18
3.804415689321221635e+03,5.153686295166838895e-18
3.807692852629392746e+03,3.315216357116943312e-18
3.810970015937563858e+03,4.142717927457463565e-18
3.814247179245734969e+03,1.825761622148252418e-18
3.817524342553905626e+03,3.301395351621021387e-18
3.820801505862076738e+03,2.003834672020542985e-18
3.824078669170257854e+03,7.362347895827382398e-18
3.827355832478428965e+03,5.199351004498941041e-18
3.830632995786599622e+03,5.730701991687206079e-19
3.833910159094771188e+03,2.830218079395121360e-18
3.837187322402941845e+03,1.269390357088558045e-18
3.840464485711112957e+03,4.191400985164846858e-18
3.843741649019283614e+03,4.128448304205191456e-18
3.847018812327454725e+03,3.412018001524037766e-18
3.850295975635625837e+03,3.441686411026656484e-18
3.853573138943806498e+03,5.084768673291476361e-18
3.856850302251977610e+03,4.538825347428989162e-18
3.860127465560148721e+03,4.683011610881884598e-18
3.863404628868319833e+03,3.215294040705975735e-18
3.866681792176490490e+03,6.495259670183749666e-18
3.869958955484662056e+03,4.646185258260120796e-18
3.873236118792832713e+03,5.333951001974184049e-18
3.876513282101003824e+03,3.079852149714404865e-18
3.879790445409174481e+03,4.016692403562991723e-18
3.883067608717355597e+03,4.405387058774429050e-18
3.886344772025526709e+03,7.260415785912672299e-18
3.889621935333697365e+03,4.538791170662693470e-18
3.892899098641868477e+03,3.760927782860289594e-18
3.896176261950039589e+03,3.539742286626430023e-18
3.899453425258210700e+03,7.947405621205287585e-19
3.902730588566381357e+03,3.763471589075696761e-18
3.906007751874552923e+03,5.464807088197229994e-18
3.909284915182723580e+03,2.495534788294437122e-18
3.912562078490894692e+03,3.315038640410157717e-18
3.915839241799075353e+03,4.108693952792031398e-18
3.919116405107246919e+03,2.846535968319151123e-18
3.922393568415417576e+03,2.296450922313266666e-18
3.925670731723588688e+03,3.819482147589044382e-18
3.928947895031759344e+03,2.488927844721176884e-18
3.932225058339930911e+03,4.918917422316312227e-18
3.935502221648101568e+03,4.544217077368836980e-18
3.938779384956272679e+03,5.788072978455941483e-18
3.942056548264453340e+03,5.763139723698808911e-18
3.945333711572624452e+03,3.946375723621934181e-18
3.948610874880795564e+03,4.211958055103759336e-18
3.951888038188966220e+03,4.117552697438391157e-18
3.955165201497137787e+03,2.343416969836529685e-18
3.958442364805308443e+03,8.982563820889151614e-19
3.961719528113479555e+03,4.084346726149636209e-18
3.964996691421650212e+03,4.889876266620880303e-18
3.968273854729831783e+03,2.182800031491952157e-18
3.971551018038002439e+03,2.743621187356305348e-18
3.974828181346173551e+03,4.113273120057924063e-18
3.978105344654344208e+03,4.046118362240797772e-18
3.981382507962515774e+03,3.847180408499437461e-18
3.984659671270686431e+03,2.915624354670958519e-18
3.987936834578857543e+03,4.485461594684635655e-18
3.991213997887028654e+03,3.889951711972087392e-18
3.994491161195199766e+03,2.285500699238776667e-18
3.997768324503370422e+03,2.503225537588010116e-18
4.001045487811551084e+03,1.682757528302997267e-18
4.004322651119722650e+03,2.560918735302801115e-18
4.007599814427893307e+03,3.718607287066605945e-18
4.010876977736064418e+03,2.040420139501800599e-18
4.014154141044235075e+03,4.549850256564850356e-18
4.017431304352406642e+03,3.914651742941733031e-18
4.020708467660577298e+03,4.255773917588352674e-18
4.023985630968748410e+03,2.791387194279991032e-18
4.027262794276919522e+03,2.650549744999094727e-18
4.030539957585090633e+03,3.755588078411090673e-18
4.033817120893271294e+03,4.385203689588875180e-18
4.037094284201442406e+03,2.844992449319000673e-18
4.040371447509613517e+03,3.556207935061866554e-18
4.043648610817784174e+03,3.557142055813024963e-18
4.046925774125955286e+03,3.002548746454614975e-18
4.050202937434125943e+03,2.966661244793390741e-18
4.053480100742297509e+03,3.135755502685907740e-18
4.056757264050468166e+03,5.096158125606780905e-18
4.060034427358649737e+03,4.458116320516302849e-18
4.063311590666820393e+03,3.192604198948523037e-18
4.066588753974991505e+03,3.909457052604082514e-18
4.069865917283162162e+03,4.306452818666225430e-18
4.073143080591333273e+03,3.023824259746324243e-18
4.076420243899503930e+03,5.133667596628748982e-18
4.079697407207675042e+03,5.473333456401074295e-18
4.082974570515846608e+03,4.692598246800844377e-18
4.086251733824017720e+03,4.571224135437209056e-18
4.089528897132188376e+03,3.587374692784263164e-18
4.092806060440369038e+03,4.219041097911285152e-18
4.096083223748540149e+03,2.970257440786980184e-18
4.099360387056711261e+03,2.909632653639452998e-18
4.102637550364881463e+03,2.394510925286709676e-18
4.105914713673053484e+03,2.164334274225753876e-18
4.109191876981224596e+03,2.935339936619024702e-18
4.112469040289395707e+03,2.910818950215243954e-18
4.115746203597565909e+03,2.395901975408040398e-18
4.119023366905747025e+03,3.157495794692345769e-18
4.122300530213918137e+03,3.567662577673982346e-18
4.125577693522089248e+03,3.126829946713791871e-18
4.128854856830259450e+03,2.261148865731925591e-18
4.132132020138431471e+03,2.585966878272648441e-19
4.135409183446602583e+03,6.848828381566505641e-19
4.138686346754773695e+03,1.245796092522400773e-18
4.141963510062943897e+03,9.692578191974570147e-19
4.145240673371115008e+03,2.674307295215719072e-18
4.148517836679286120e+03,1.957807418580461006e-18
4.151794999987466326e+03,1.086489124026631221e-18
4.155072163295638347e+03,3.266870034808696920e-18
4.158349326603809459e+03,4.303403222689461462e-18
4.161626489911980570e+03,1.988822065183266340e-18
4.164903653220150773e+03,1.695622187153092934e-18
4.168180816528321884e+03,2.922813698710802117e-18
4.171457979836492996e+03,4.367575005469651485e-18
4.174735143144664107e+03,3.928895565358624975e-18
4.178012306452845223e+03,3.350877507352144951e-18
4.181289469761016335e+03,3.392513460824326788e-18
4.184566633069187446e+03,3.994941028401677561e-18
4.187843796377358558e+03,2.947408251693472152e-18
4.191120959685528760e+03,2.662408036339414672e-18
4.194398122993699872e+03,1.754782405847183918e-18
4.197675286301870983e+03,1.074539046346643000e-18
4.200952449610041185e+03,3.366667726797498350e-18
4.204229612918213206e+03,4.081086308447126597e-18
4.207506776226394322e+03,3.625158020787557469e-18
4.210783939534565434e+03,4.347764969925017945e-18
4.214061102842735636e+03,4.134974198077556365e-18
4.217338266150906747e+03,2.267374932400338356e-18
4.220615429459077859e+03,2.272952335077936388e-18
4.223892592767248971e+03,3.815961222634193715e-18
4.227169756075420082e+03,3.412387915247171460e-18
4.230446919383591194e+03,3.171694658010743127e-18
4.233724082691762305e+03,2.467805010176148850e-18
4.237001245999933417e+03,3.929001275865277109e-18
4.240278409308113623e+03,2.488027447256235476e-18
4.243555572616284735e+03,1.910877862331718347e-18
4.246832735924455847e+03,3.227746502919646431e-18
4.250109899232626958e+03,4.708724863720566542e-18
4.253387062540798070e+03,3.309595251760486885e-18
4.256664225848969181e+03,1.974390412960607241e-18
4.259941389157140293e+03,3.843009344556905615e-18
4.263218552465310495e+03,2.774209878627426489e-18
4.266495715773481606e+03,3.119167810226089133e-18
4.269772879081662722e+03,2.819499210387834093e-18
4.273050042389833834e+03,3.298251257919066788e-18
4.276327205698004946e+03,2.406481990969827354e-18
4.279604369006176057e+03,1.532415252195625904e-18
4.282881532314347169e+03,1.937694045499002879e-18
4.286158695622518280e+03,3.346542993754002412e-18
4.289435858930688482e+03,2.461726780326758140e-18
4.292713022238859594e+03,2.908625458031884113e-18
4.295990185547040710e+03,3.334565423117714253e-18
4.299267348855211822e+03,2.928021112573217864e-18
4.302544512163382933e+03,3.835181066122894471e-18
4.305821675471554045e+03,3.674301340998221895e-18
4.309098838779725156e+03,2.762884972523616211e-18
4.312376002087895358e+03,2.190178975704494624e-18
4.315653165396066470e+03,3.119495642688914522e-18
4.318930328704237581e+03,3.000851310573602379e-18
4.322207492012409602e+03,3.591972631191068505e-18
4.325484655320579805e+03,2.624221029528796655e-18
4.328761818628760921e+03,2.971061770656010146e-18
4.332038981936932032e+03,2.976492680453669369e-18
4.335316145245103144e+03,2.697212351172720316e-18
4.338593308553273346e+03,3.074966942340456360e-18
4.341870471861444457e+03,4.356971218061807401e-18
4.345147635169615569e+03,3.551728680638806683e-18
4.348424798477787590e+03,2.204706206441569410e-18
4.351701961785957792e+03,2.249376132282477347e-18
4.354979125094138908e+03,3.380718221461936006e-18
4.358256288402310020e+03,2.763576207150685430e-18
4.361533451710480222e+03,4.073297715058288727e-18
4.364810615018651333e+03,2.900401545115942814e-18
4.368087778326822445e+03,4.193042377141382830e-18
4.371364941634994466e+03,3.059748733569357070e-18
4.374642104943164668e+03,3.050402064562086080e-18
4.377919268251335779e+03,1.905378880126989213e-18
4.381196431559506891e+03,2.836985274098593516e-18
4.384473594867688007e+03,3.288247138101628661e-18
4.387750758175858209e+03,2.430980801534423035e-18
4.391027921484029321e+03,2.869986826906747278e-18
4.394305084792201342e+03,3.553642756101375757e-18
4.397582248100371544e+03,3.544027818717017587e-18
4.400859411408542655e+03,3.246019181877245290e-18
4.404136574716713767e+03,2.399639669571379581e-18
4.407413738024884879e+03,3.005845640907241576e-18
4.410690901333055081e+03,2.355331862549742422e-18
4.413968064641226192e+03,3.493315844142497249e-18
4.417245227949397304e+03,3.220115050186319972e-18
4.420522391257579329e+03,3.960805935382962565e-18
4.423799554565749531e+03,3.314346397034806822e-18
4.427076717873920643e+03,2.974773906924254046e-18
4.430353881182091754e+03,3.358977631817129043e-18
4.433631044490262866e+03,2.372649325552222035e-18
4.436908207798433068e+03,2.439570851163095442e-18
4.440185371106604180e+03,2.466825996447374793e-18
4.443462534414776201e+03,3.518256288634222641e-18
4.446739697722956407e+03,3.625285754999090042e-18
4.450016861031127519e+03,2.676666398127981391e-18
4.453294024339298630e+03,2.937771641117640150e-18
4.456571187647469742e+03,2.946406457765441273e-18
4.459848350955639944e+03,1.740311316599064033e-18
4.463125514263811056e+03,2.688895578596098512e-18
4.466402677571982167e+03,1.785562749481168380e-18
4.469679840880154188e+03,2.023333428500900898e-18
4.472957004188324390e+03,2.862347002236600498e-18
4.476234167496505506e+03,2.229668727828700653e-18
4.479511330804676618e+03,3.237780994982388826e-18
4.482788494112847729e+03,3.997191037046703426e-18
4.486065657421017931e+03,3.843463798900537626e-18
4.489342820729189043e+03,1.872417543785007788e-18
4.492619984037361064e+03,3.361270999728864771e-18
4.495897147345532176e+03,4.212215153406629617e-18
4.499174310653702378e+03,3.711572082493845868e-18
4.502451473961883494e+03,4.313202580920704379e-18
4.505728637270054605e+03,4.256047080946817551e-18
4.509005800578224807e+03,4.461408745565215012e-18
4.512282963886395919e+03,4.897024542540473516e-18
4.515560127194567940e+03,3.807220513110912982e-18
4.518837290502739052e+03,4.634749239199495719e-18
4.522114453810909254e+03,4.841500689929335251e-18
4.525391617119080365e+03,3.582981130947282733e-18
4.528668780427251477e+03,4.129907910067221189e-18
4.531945943735422588e+03,4.969264695905579123e-18
4.535223107043592790e+03,5.705604076395971985e-18
4.538500270351773906e+03,6.806641358880159033e-18
4.541777433659945928e+03,7.371673170206462321e-18
4.545054596968117039e+03,6.921616756274662932e-18
4.548331760276287241e+03,6.577455921735828234e-18
4.551608923584458353e+03,7.780508578409574642e-18
4.554886086892629464e+03,8.300910391255820562e-18
4.558163250200799666e+03,7.522589544643846570e-18
4.561440413508970778e+03,9.432203311444405298e-18
4.564717576817152803e+03,9.393321963378467505e-18
4.567994740125323915e+03,7.850539164231512195e-18
4.571271903433494117e+03,7.477339953338663289e-18
4.574549066741665229e+03,8.414543181121571733e-18
4.577826230049836340e+03,6.132407843917177444e-18
4.581103393358007452e+03,6.467922097812820502e-18
4.584380556666177654e+03,6.987023584968805870e-18
4.587657719974349675e+03,7.380514660447316213e-18
4.590934883282520786e+03,7.095558262785169014e-18
4.594212046590700993e+03,7.073047174554912737e-18
4.597489209898872105e+03,6.356874246966567415e-18
4.600766373207043216e+03,6.734514032701352113e-18
4.604043536515214328e+03,5.898703626031902494e-18
4.607320699823384530e+03,5.125323013348578393e-18
4.610597863131555641e+03,5.857547439336902758e-18
4.613875026439727662e+03,5.895657156558885575e-18
4.617152189747898774e+03,5.137155237876630560e-18
4.620429353056078980e+03,4.525171212686695236e-18
4.623706516364250092e+03,4.176261038765421877e-18
4.626983679672421204e+03,3.578827131266153113e-18
4.630260842980592315e+03,1.947688742303422870e-18
4.633538006288762517e+03,3.304610829614957433e-18
4.636815169596934538e+03,3.936877261165320928e-18
4.640092332905105650e+03,3.044788058477804241e-18
4.643369496213276761e+03,2.961965795678345026e-18
4.646646659521446963e+03,5.176165111547857476e-18
4.649923822829618075e+03,4.492655647850159116e-18
4.653200986137799191e+03,4.199743148382982792e-18
4.656478149445969393e+03,4.497303463889227778e-18
4.659755312754141414e+03,3.913380171127148633e-18
4.663032476062312526e+03,3.247575953621405722e-18
4.666309639370483637e+03,2.693189033412771812e-18
4.669586802678653839e+03,3.114253528660099420e-18
4.672863965986824951e+03,2.858479093808648027e-18
4.676141129294996063e+03,2.189805272710666659e-18
4.679418292603167174e+03,2.834532139587159925e-18
4.682695455911347381e+03,1.853023080130039834e-18
4.685972619219519402e+03,2.272945161371386699e-18
4.689249782527690513e+03,2.186150997911850526e-18
4.692526945835861625e+03,2.158828302172076807e-18
4.695804109144031827e+03,3.388702986985185973e-18
4.699081272452202938e+03,3.339053983224309259e-18
4.702358435760374050e+03,1.521322711165583087e-18
4.705635599068545162e+03,2.633716590082766720e-18
4.708912762376716273e+03,3.856951239536472573e-18
4.712189925684887385e+03,3.691341236089561180e-18
4.715467088993068501e+03,3.935528448803127861e-18
4.718744252301238703e+03,3.588007853880227868e-18
4.722021415609409814e+03,3.765154603449697308e-18
4.725298578917580926e+03,2.781082508399202594e-18
4.728575742225752037e+03,2.563159301870460887e-18
4.731852905533923149e+03,2.572650798225080080e-18
4.735130068842094261e+03,3.320784740099754630e-18
4.738407232150265372e+03,3.761851939758019446e-18
4.741684395458445579e+03,3.465387770087839781e-18
4.744961558766616690e+03,3.131135579267711080e-18
4.748238722074787802e+03,4.021670874595450818e-18
4.751515885382958913e+03,3.488351938310501931e-18
4.754793048691129115e+03,1.829879940284999716e-18
4.758070211999301137e+03,2.217254621952303438e-18
4.761347375307472248e+03,1.763170309267518349e-18
4.764624538615643360e+03,1.727500654973190464e-18
4.767901701923813562e+03,1.799080592969600582e-18
4.771178865231994678e+03,5.101458450044199895e-19
4.774456028540165789e+03,8.719759936848591770e-19
4.777733191848336901e+03,1.919817750259345134e-18
4.781010355156508012e+03,2.203105033398141189e-19
4.784287518464679124e+03,2.265502818070618970e-18
4.787564681772850236e+03,2.417695589869332467e-18
4.790841845081021347e+03,1.360712200217946884e-18
4.794119008389191549e+03,2.878891611243458921e-18
4.797396171697362661e+03,3.278744058069144607e-18
4.800673335005533772e+03,2.422756210875740156e-18
4.803950498313704884e+03,1.416395023557567519e-18
4.807227661621886000e+03,1.954341395816001364e-18
4.810504824930057111e+03,2.430423298484206673e-18
4.813781988238228223e+03,1.914200895643437896e-18
4.817059151546398425e+03,1.953672764017684720e-18
4.820336314854569537e+03,1.484722292988809404e-18
4.823613478162740648e+03,1.941533072875632272e-18
4.826890641470911760e+03,2.610439850436855482e-18
4.830167804779092876e+03,1.929625287251595175e-18
4.833444968087263987e+03,1.929180215959762661e-18
4.836722131395435099e+03,2.758170584612060747e-18
4.839999294703606211e+03,1.847258808086504624e-18
4.843276458011776413e+03,1.235756183856657575e-18
4.846553621319947524e+03,2.232533263261290892e-18
4.849830784628118636e+03,2.462819544643324795e-18
4.853107947936290657e+03,2.028051038082264878e-18
4.856385111244460859e+03,2.603186962714080184e-18
4.859662274552631970e+03,5.320535977499003459e-18
4.862939437860813086e+03,5.042642782396400364e-18
4.866216601168983289e+03,3.050761892592432020e-18
4.869493764477154400e+03,1.655708961496120240e-18
4.872770927785325512e+03,1.157530847393789271e-18
4.876048091093496623e+03,2.099541156752667585e-18
4.879325254401667735e+03,2.503334129644405579e-18
4.882602417709838846e+03,1.736645337149549413e-18
4.885879581018009958e+03,1.739159315818902962e-18
4.889156744326181069e+03,1.043183684046799072e-18
4.892433907634361276e+03,1.781436829717511958e-18
4.895711070942532388e+03,2.150258826143686596e-18
4.898988234250703499e+03,2.854297473244353713e-18
4.902265397558874611e+03,2.437181024732842471e-18
4.905542560867045722e+03,1.021269594626178017e-18
4.908819724175216834e+03,1.000461223290423180e-18
4.912096887483387945e+03,1.958622160075883465e-18
4.915374050791558147e+03,2.164788327544719014e-18
4.918651214099729259e+03,2.678486720033349314e-18
4.921928377407910375e+03,2.599763893400295342e-18
4.925205540716082396e+03,2.643210980884609456e-18
4.928482704024252598e+03,2.386926845926778013e-18
4.931759867332423710e+03,2.332189052900930816e-18
4.935037030640594821e+03,2.899796191997086481e-18
4.938314193948765933e+03,2.048008756386109990e-18
4.941591357256936135e+03,2.395774658300342026e-18
4.944868520565107247e+03,2.580199117922905598e-18
4.948145683873278358e+03,2.590035394090634544e-18
4.951422847181459474e+03,1.830033211383167352e-18
4.954700010489630586e+03,2.038728564230891984e-18
4.957977173797801697e+03,1.661715116991530426e-18
4.961254337105972809e+03,1.449195121081562477e-18
4.964531500414143011e+03,2.419140461060559578e-18
4.967808663722314122e+03,3.015827784648029070e-18
4.971085827030485234e+03,1.837465986636666686e-18
4.974362990338657255e+03,2.099591479400388025e-18
4.977640153646837462e+03,3.015261435369904437e-18
4.980917316955008573e+03,1.804527171012049830e-18
4.984194480263179685e+03,2.505089333414839782e-18
4.987471643571350796e+03,3.410005525378133692e-18
4.990748806879520998e+03,2.410686997291360183e-18
4.994025970187692110e+03,2.014768279520879093e-18
4.997303133495864131e+03,1.559142497042059053e-18
5.000580296804035243e+03,1.747002006168161401e-18
5.003857460112215449e+03,1.131705375278370052e-18
5.007134623420386561e+03,1.054938220789932904e-18
5.010411786728557672e+03,2.561194229951806150e-18
5.013688950036727874e+03,2.212737530884492204e-18
5.016966113344898986e+03,2.323227828210872987e-18
5.020243276653070097e+03,2.737908852893332529e-18
5.023520439961242118e+03,3.170158839186335187e-18
5.026797603269412321e+03,3.109434785351043264e-18
5.030074766577583432e+03,2.270965914169904475e-18
5.033351929885754544e+03,2.074879534593995877e-18
5.036629093193925655e+03,1.637279654022808109e-18
5.039906256502105862e+03,1.122500793869519847e-18
5.043183419810276973e+03,2.012266216521836324e-18
5.046460583118448994e+03,2.843874423397521272e-18
5.049737746426620106e+03,3.014695472934204404e-18
5.053014909734790308e+03,1.476820389573335072e-18
5.056292073042961420e+03,1.066203519957789343e-18
5.059569236351132531e+03,1.839503799363400448e-18
5.062846399659302733e+03,1.776448239006080034e-18
5.066123562967473845e+03,3.109374335785807010e-18
5.069400726275654961e+03,2.633332925791404894e-18
5.072677889583826982e+03,1.514526864492027314e-18
5.075955052891997184e+03,2.118244541915944956e-18
5.079232216200168295e+03,2.368433479450678654e-18
5.082509379508339407e+03,2.110388492670013654e-18
5.085786542816510519e+03,3.094456955495681893e-18
5.089063706124680721e+03,3.662468367562470121e-18
5.092340869432851832e+03,1.066389904012934658e-18
5.095618032741033858e+03,1.670953351216097973e-18
5.098895196049204060e+03,3.154896924660125039e-18
5.102172359357375171e+03,2.820023129157134898e-18
5.105449522665546283e+03,2.369875390781420372e-18
5.108726685973717395e+03,2.361481917767532279e-18
5.112003849281887597e+03,1.499170602481461999e-18
5.115281012590058708e+03,2.036334744417636669e-18
5.118558175898230729e+03,2.087843272756154061e-18
5.121835339206401841e+03,1.372300689876116994e-18
5.125112502514582047e+03,3.104868717681679676e-18
5.128389665822753159e+03,2.978100734293981588e-18
5.131666829130924270e+03,2.606333787648120384e-18
5.134943992439095382e+03,2.030502239270006950e-18
5.138221155747265584e+03,2.667753754175081025e-18
5.141498319055436696e+03,2.468406422294289023e-18
5.144775482363608717e+03,2.149395088670509163e-18
5.148052645671779828e+03,2.631019401926953178e-18
5.151329808979950030e+03,1.653696277619399654e-18
5.154606972288121142e+03,2.172009215777432628e-18
5.157884135596302258e+03,2.820493884989306200e-18
5.161161298904472460e+03,2.740516315729740612e-18
5.164438462212643572e+03,2.516512497906554708e-18
5.167715625520815593e+03,2.831672336132810032e-18
5.170992788828986704e+03,2.771110574762558290e-18
5.174269952137156906e+03,2.042367766879154291e-18
5.177547115445328018e+03,1.768324484968410720e-18
5.180824278753499129e+03,2.531376956707838846e-18
5.184101442061670241e+03,2.644191749283877559e-18
5.187378605369850447e+03,2.374859115271185007e-18
5.190655768678022469e+03,2.972344716786691845e-18
5.193932931986193580e+03,2.579937446820140609e-18
5.197210095294364692e+03,2.108979122415013448e-18
5.200487258602534894e+03,2.340129120285554423e-18
5.203764421910706005e+03,2.720978453072003755e-18
5.207041585218877117e+03,2.724859137842163810e-18
5.210318748527048228e+03,2.940212443343456298e-18
5.213595911835218430e+03,2.469003556904891951e-18
5.216873075143400456e+03,1.802226727716892290e-18
5.220150238451571568e+03,2.203398173138691097e-18
5.223427401759741770e+03,2.806820123567044527e-18
5.226704565067912881e+03,2.188282080741690575e-18
5.229981728376083993e+03,1.582692803727382369e-18
5.233258891684255104e+03,1.830341948357861891e-18
5.236536054992425306e+03,1.825298339096077549e-18
5.239813218300597327e+03,1.879817602381238814e-18
5.243090381608768439e+03,2.224942456243118236e-18
5.246367544916939551e+03,2.043954759685399429e-18
5.249644708225119757e+03,2.029357666173759330e-18
5.252921871533290869e+03,2.251831008822922844e-18
5.256199034841461980e+03,1.934746396953227163e-18
5.259476198149632182e+03,2.751994043787571814e-18
5.262753361457804203e+03,2.591179288794649215e-18
5.266030524765975315e+03,1.348554469374267200e-18
5.269307688074146427e+03,1.598289291322797617e-18
5.272584851382326633e+03,1.799988039436990655e-18
5.275862014690497745e+03,1.840849250267480943e-18
5.279139177998668856e+03,1.814017260948212805e-18
5.282416341306839968e+03,2.834438270670341187e-18
5.285693504615010170e+03,2.417449257957502041e-18
5.288970667923182191e+03,2.190975133224565329e-18
5.292247831231353302e+03,1.296509157336557101e-18
5.295524994539524414e+03,1.508783962546732464e-18
5.298802157847694616e+03,1.884537166839226868e-18
5.302079321155865728e+03,1.865021147789975833e-18
5.305356484464036839e+03,1.929956666146311439e-18
5.308633647772217046e+03,1.534790480203208876e-18
5.311910811080389067e+03,1.288741341218264667e-18
5.315187974388560178e+03,1.578812480777957373e-18
5.318465137696731290e+03,1.308581016223808658e-18
5.321742301004901492e+03,1.550397686064882441e-18
5.325019464313072604e+03,2.378301452805451416e-18
5.328296627621243715e+03,1.651203315019940997e-18
5.331573790929414827e+03,1.382419685106610820e-18
5.334850954237595943e+03,1.305841118018446720e-18
5.338128117545767054e+03,2.032409548078110526e-18
5.341405280853938166e+03,2.654036397887400221e-18
5.344682444162109277e+03,2.177066275346846667e-18
5.347959607470279479e+03,1.999304046008487090e-18
5.351236770778450591e+03,2.045620189454822154e-18
5.354513934086621703e+03,1.615852573074811163e-18
5.357791097394792814e+03,1.260939588325268222e-18
5.361068260702963926e+03,2.670949921699194705e-19
5.364345424011145042e+03,1.321470910156972740e-18
5.367622587319316153e+03,1.882396984065990413e-18
5.370899750627486355e+03,2.098672167756906040e-18
5.374176913935657467e+03,2.356997803728264116e-18
5.377454077243828579e+03,1.197467807410796182e-18
5.380731240551999690e+03,1.324451157109077589e-18
5.384008403860170802e+03,1.852669832889243673e-18
5.387285567168341913e+03,1.311961455100523986e-18
5.390562730476513025e+03,1.125672593139550265e-18
5.393839893784684136e+03,2.219901551510953559e-18
5.397117057092864343e+03,1.231951722155952698e-18
5.400394220401035454e+03,1.752786237128200711e-18
5.403671383709206566e+03,2.419124825457445216e-18
5.406948547017377678e+03,1.869311407669302142e-18
5.410225710325548789e+03,1.256488563302002407e-18
5.413502873633719901e+03,1.162706776134125129e-18
5.416780036941891012e+03,1.310553867096531402e-18
5.420057200250061214e+03,1.100899613536561871e-18
5.423334363558232326e+03,1.896976416176628513e-18
5.426611526866413442e+03,1.841261219123776961e-18
5.429888690174584553e+03,2.351166307733685303e-18
5.433165853482755665e+03,1.345861298472022609e-18
5.436443016790926777e+03,1.417911057374744769e-18
5.439720180099097888e+03,1.425745607834550137e-18
5.442997343407269000e+03,9.164275694461665189e-19
5.446274506715439202e+03,1.262247451581074679e-18
5.449551670023610313e+03,2.127688393107533965e-18
5.452828833331791429e+03,1.858352922126756704e-18
5.456105996639962541e+03,1.307795068017612961e-18
5.459383159948133653e+03,1.171667485917628144e-18
5.462660323256304764e+03,1.449841139578580486e-18
5.465937486564475876e+03,1.423441288273972619e-18
5.469214649872646078e+03,1.283001052972482913e-18
5.472491813180817189e+03,1.044913355195964119e-18
5.475768976488988301e+03,1.598287209102529870e-18
5.479046139797159412e+03,1.913659140998642844e-18
5.482323303105330524e+03,1.971599131855261561e-18
5.485600466413511640e+03,1.718046036703758226e-18
5.488877629721682752e+03,2.395430125302408660e-19
5.492154793029853863e+03,1.580443324906234058e-18
5.495431956338024065e+03,1.599479529696667077e-18
5.498709119646195177e+03,6.480252387428184674e-19
5.501986282954366288e+03,6.381047819456038376e-19
5.505263446262538309e+03,6.433191208923446265e-19
5.508540609570718516e+03,5.858430550094089879e-19
5.511817772878889627e+03,1.427783556193874866e-18
5.515094936187060739e+03,1.998784174533426301e-18
5.518372099495230941e+03,6.491720390249916751e-18
5.521649262803402053e+03,7.607419963255897034e-18
5.524926426111573164e+03,1.284232933516096114e-18
5.528203589419745185e+03,-1.156001577966402055e-18
5.531480752727915387e+03,1.202530380167356473e-18
5.534757916036086499e+03,1.099548346052849886e-18
5.538035079344257611e+03,1.867006330295812881e-18
5.541312242652438727e+03,1.586033478818377198e-18
5.544589405960608929e+03,1.299682130439769068e-18
5.547866569268780040e+03,1.195082616403422479e-18
5.551143732576951152e+03,1.180972568291765078e-18
5.554420895885123173e+03,1.842788112295795859e-18
5.557698059193293375e+03,1.300140169402139587e-18
5.560975222501464486e+03,1.294776894828940950e-18
5.564252385809635598e+03,8.886064496448455413e-19
5.567529549117806710e+03,1.698884892733236791e-18
5.570806712425976912e+03,1.530920382952060112e-18
5.574083875734158028e+03,1.868274969763227842e-18
5.577361039042330049e+03,1.441407017631196406e-18
5.580638202350500251e+03,1.258796723526549709e-18
5.583915365658671362e+03,1.469308389723813106e-18
5.587192528966842474e+03,9.813090416923232112e-19
5.590469692275013585e+03,1.568779468111099552e-18
5.593746855583183788e+03,1.614710608477858558e-18
5.597024018891354899e+03,1.910271138717604158e-18
5.600301182199536925e+03,1.502379919380117944e-18
5.603578345507707127e+03,1.652981951996276747e-18
5.606855508815878238e+03,1.760404263214947554e-18
5.610132672124049350e+03,1.011225378568489338e-18
5.613409835432220461e+03,1.814625546567708229e-18
5.616686998740390663e+03,1.483726290043621421e-18
5.619964162048561775e+03,8.756221918972270479e-19
5.623241325356732887e+03,1.215197297463617191e-18
5.626518488664904908e+03,1.652776109108364789e-18
5.629795651973075110e+03,1.717803603265927361e-18
5.633072815281256226e+03,2.004953190964557836e-18
5.636349978589427337e+03,7.421353754838928351e-19
5.639627141897598449e+03,1.410662622132205842e-18
5.642904305205768651e+03,1.983981521139049609e-18
5.646181468513939762e+03,1.006932954339113682e-18
5.649458631822111784e+03,1.483036933259683796e-18
5.652735795130282895e+03,1.666036784005885801e-18
5.656012958438453097e+03,1.381075876621804173e-18
5.659290121746634213e+03,2.604908572501353875e-18
5.662567285054805325e+03,1.895018076640919204e-18
5.665844448362975527e+03,1.100060611792238785e-18
5.669121611671146638e+03,1.488651253889834159e-18
5.672398774979317750e+03,1.515013700386038447e-18
5.675675938287489771e+03,2.437588540503448677e-18
5.678953101595659973e+03,2.207960488155547544e-18
5.682230264903831085e+03,1.703676894847122881e-18
5.685507428212002196e+03,2.116249625205842041e-18
5.688784591520173308e+03,1.816935779367506754e-18
5.692061754828353514e+03,2.172996608668692066e-18
5.695338918136524626e+03,2.054011402067217081e-18
5.698616081444696647e+03,1.533455125908095340e-18
5.701893244752867759e+03,1.191955890006789565e-18
5.705170408061037961e+03,1.663982470261947839e-18
5.708447571369209072e+03,1.550599317546961342e-18
5.711724734677380184e+03,1.824006119946387151e-18
5.715001897985551295e+03,2.277947552298896450e-18
5.718279061293721497e+03,1.399259040941600109e-18
5.721556224601903523e+03,1.566178854392667947e-18
5.724833387910074634e+03,1.637493665145519718e-18
5.728110551218244836e+03,1.230709818402262351e-18
5.731387714526415948e+03,4.212560185231224780e-19
5.734664877834587060e+03,8.588461800009361742e-19
5.737942041142758171e+03,1.818051244470950849e-18
5.741219204450928373e+03,1.598651259304139567e-18
5.744496367759099485e+03,1.454719159285120366e-18
5.747773531067271506e+03,1.105171922952445244e-18
5.751050694375452622e+03,2.257590352151938980e-18
5.754327857683622824e+03,1.729545700382666213e-18
5.757605020991793936e+03,9.817741339028826900e-19
5.760882184299965047e+03,1.042229566453873549e-18
5.764159347608136159e+03,1.667497672908295062e-18
5.767436510916306361e+03,1.130669605753282540e-18
5.770713674224478382e+03,9.283822412535391919e-19
5.773990837532649493e+03,4.045569835365578394e-19
5.777268000840819695e+03,1.167125213085112321e-18
5.780545164149000811e+03,1.896405115339230889e-18
5.783822327457171923e+03,1.694135757535261746e-18
5.787099490765343035e+03,1.007181529120951599e-18
5.790376654073513237e+03,1.080131562583017244e-18
5.793653817381685258e+03,1.454176089339567081e-18
5.796930980689856369e+03,1.934956363610324199e-18
5.800208143998027481e+03,1.354569093279193249e-18
5.803485307306197683e+03,1.530483969220046449e-18
5.806762470614368794e+03,2.702536514761656335e-18
5.810039633922549910e+03,1.107936737342404821e-18
5.813316797230720113e+03,1.180244289342418362e-18
5.816593960538891224e+03,1.479577476663176389e-18
5.819871123847063245e+03,1.307353221918332847e-18
5.823148287155234357e+03,1.653528161354689334e-18
5.826425450463404559e+03,1.619458541671447675e-18
5.829702613771575670e+03,1.647767465879642206e-18
5.832979777079746782e+03,1.502094127685438196e-18
5.836256940387917894e+03,2.136357044117373389e-18
5.839534103696098100e+03,1.763337445169602130e-18
5.842811267004270121e+03,1.482702998098888835e-18
5.846088430312441233e+03,2.210960213558228221e-18
5.849365593620612344e+03,2.479450489818219360e-18
5.852642756928782546e+03,1.608749767215385045e-18
5.855919920236953658e+03,5.522885053531422815e-19
5.859197083545124769e+03,2.031278825752489740e-18
5.862474246853295881e+03,2.872086350971709959e-18
5.865751410161466993e+03,2.678042926673167240e-18
5.869028573469638104e+03,1.475930731368143679e-18
5.872305736777819220e+03,1.764573351403456566e-18
5.875582900085989422e+03,2.703401474596991581e-18
5.878860063394160534e+03,1.825081516029529755e-18
5.882137226702331645e+03,1.825636544824892817e-18
5.885414390010502757e+03,2.121147137537118049e-18
5.888691553318672959e+03,1.423066651805069547e-18
5.891968716626854984e+03,2.905076338069613298e-18
5.895245879935026096e+03,2.341052993418698746e-18
5.898523043243197208e+03,1.852287148575907494e-18
5.901800206551367410e+03,1.523334813730959150e-18
5.905077369859538521e+03,2.512626733217281276e-18
5.908354533167709633e+03,2.562712710741368871e-18
5.911631696475880744e+03,2.045756266085373547e-18
5.914908859784051856e+03,1.846772986879773041e-18
5.918186023092222968e+03,1.942476348822852682e-18
5.921463186400394079e+03,3.101841371971255565e-18
5.924740349708564281e+03,2.749759302846832867e-18
5.928017513016745397e+03,1.902077881056987554e-18
5.931294676324916509e+03,2.076863101499080397e-18
5.934571839633087620e+03,1.999860347342850911e-18
5.937849002941258732e+03,1.636416220076532148e-18
5.941126166249429843e+03,1.361989943832259629e-18
5.944403329557600955e+03,1.529898311174827692e-18
5.947680492865772067e+03,2.557469422436928912e-18
5.950957656173942269e+03,2.099721743045172553e-18
5.954234819482113380e+03,2.461056464387832004e-18
5.957511982790284492e+03,1.270763490804570938e-18
5.960789146098464698e+03,1.724397858444913741e-18
5.964066309406636719e+03,1.803179334985495522e-18
5.967343472714807831e+03,1.506720939581424836e-18
5.970620636022978942e+03,1.550169266304344583e-18
5.973897799331149145e+03,1.699472237051907461e-18
5.977174962639320256e+03,1.751263068799173063e-18
5.980452125947491368e+03,1.599216705613615500e-18
5.983729289255672484e+03,1.758761859491314463e-18
5.987006452563843595e+03,1.501170780678812142e-18
5.990283615872014707e+03,9.348493615990649379e-19
5.993560779180185818e+03,1.377029963179060077e-18
5.996837942488356930e+03,1.668037941794944118e-18
6.000115105796527132e+03,1.213157038689923283e-18
6.003392269104698244e+03,1.189233696940715820e-18
6.006669432412869355e+03,1.290229156539708347e-18
6.009946595721040467e+03,5.685836689569980755e-19
6.013223759029211578e+03,1.126990433194505610e-18
6.016500922337382690e+03,6.297302183086218644e-19
6.019778085645563806e+03,5.939758636316177470e-19
6.023055248953734008e+03,9.530335786309607245e-19
6.026332412261905120e+03,2.454318140187839073e-19
6.029609575570076231e+03,7.658573543456320285e-19
6.032886738878247343e+03,1.207849597945074708e-18
6.036163902186418454e+03,3.501241113112101943e-19
6.039441065494589566e+03,5.261287822963014976e-19
6.042718228802760677e+03,9.360714960340335960e-19
6.045995392110941793e+03,6.788570109800926399e-19
6.049272555419111995e+03,9.753040808925013184e-19
6.052549718727283107e+03,5.510376443426932897e-19
6.055826882035454219e+03,9.347045809782043794e-19
6.059104045343626240e+03,5.717136783598514408e-19
6.062381208651796442e+03,6.391586104974705813e-19
6.065658371959967553e+03,6.772499830773360219e-19
6.068935535268138665e+03,9.330906482906960828e-19
6.072212698576309776e+03,5.948493563574049659e-19
6.075489861884489983e+03,4.368031597887743694e-19
6.078767025192661094e+03,5.641755131327843367e-19
6.082044188500832206e+03,1.162245500031984688e-18
6.085321351809003318e+03,9.865550090964862788e-19
6.088598515117174429e+03,5.297632143760335624e-19
6.091875678425345541e+03,5.099125337525349535e-19
6.095152841733516652e+03,8.038351879753586756e-19
6.098430005041686854e+03,9.108835068996202093e-19
6.101707168349857966e+03,2.719021835342811692e-19
6.104984331658039082e+03,7.060239620753540280e-19
6.108261494966211103e+03,9.782769793363231165e-19
6.111538658274381305e+03,8.724658227604882781e-19
6.114815821582552417e+03,7.081376629975907693e-19
6.118092984890723528e+03,4.486772447687235091e-19
6.121370148198893730e+03,5.429585335504989486e-19
6.124647311507064842e+03,4.663675990466674552e-19
6.127924474815235953e+03,8.769402825051092463e-19
6.131201638123407974e+03,9.129061956740368145e-19
6.134478801431578177e+03,9.099436678239125799e-19
6.137755964739759293e+03,1.281285656845441681e-18
6.141033128047930404e+03,1.357438289981680685e-18
6.144310291356101516e+03,1.718258457305124079e-18
6.147587454664271718e+03,1.818149266946578257e-18
6.150864617972442829e+03,1.216840871682086687e-18
6.154141781280613941e+03,1.037319644971264236e-18
6.157418944588785962e+03,1.591969326939786812e-18
6.160696107896956164e+03,1.708758491113776521e-18
6.163973271205137280e+03,1.712853990075297494e-18
6.167250434513308392e+03,2.213575968644678831e-18
6.170527597821478594e+03,1.807531159234816307e-18
6.173804761129649705e+03,1.219526065494377164e-18
6.177081924437820817e+03,1.715223994951790913e-18
6.180359087745992838e+03,1.760165340543592807e-18
6.183636251054163040e+03,1.455841160443453198e-18
6.186913414362334152e+03,1.680363582776178035e-18
6.190190577670505263e+03,2.340074011607001182e-18
6.193467740978676375e+03,3.067138994651860355e-18
6.196744904286856581e+03,3.104510057765803545e-18
6.200022067595027693e+03,2.962929430917202669e-18
6.203299230903199714e+03,2.097496104511511952e-18
6.206576394211370825e+03,2.149969957564761538e-18
6.209853557519541027e+03,3.368375472911236951e-18
6.213130720827712139e+03,3.315689934327830263e-18
6.216407884135883251e+03,3.619282863314111292e-18
6.219685047444054362e+03,3.988514576045830585e-18
6.222962210752234569e+03,3.626761976793905317e-18
6.226239374060405680e+03,3.483024405979675655e-18
6.229516537368577701e+03,3.971738640503441809e-18
6.232793700676747903e+03,5.259753524344161159e-18
6.236070863984919015e+03,5.583199242465100748e-18
6.239348027293090126e+03,5.969616373214674205e-18
6.242625190601261238e+03,6.740174204923673225e-18
6.245902353909431440e+03,5.305423118899751693e-18
6.249179517217602552e+03,6.717601981963281819e-18
6.252456680525774573e+03,7.311232703370438677e-18
6.255733843833955689e+03,8.611279187739929097e-18
6.259011007142125891e+03,9.628135594509185721e-18
6.262288170450297002e+03,9.374725424503958097e-18
6.265565333758468114e+03,1.075353608720617410e-17
6.268842497066639226e+03,1.073558892260983096e-17
6.272119660374809428e+03,1.118496248659493518e-17
6.275396823682981449e+03,1.195285070064110830e-17
6.278673986991152560e+03,1.231451195851204908e-17
6.281951150299322762e+03,1.191927444459274457e-17
6.285228313607503878e+03,1.217292790379618273e-17
6.288505476915674990e+03,1.224291813966762937e-17
6.291782640223846101e+03,1.170034592649402245e-17
6.295059803532016304e+03,1.152597608431497842e-17
6.298336966840187415e+03,1.214392390005171118e-17
6.301614130148359436e+03,1.101765450281991677e-17
6.304891293456530548e+03,9.696243617578867834e-18
6.308168456764700750e+03,9.256663995962443553e-18
6.311445620072881866e+03,1.124043466963321475e-17
6.314722783381052977e+03,1.182810160701047430e-17
6.317999946689223179e+03,1.010008697439662038e-17
6.321277109997394291e+03,1.108061638754821830e-17
6.324554273305566312e+03,1.264388985673063502e-17
6.327831436613737424e+03,1.218660268047040468e-17
6.331108599921907626e+03,1.171035674993654565e-17
6.334385763230078737e+03,1.148369358442625381e-17
6.337662926538249849e+03,1.103371785292466089e-17
6.340940089846420960e+03,1.063760252727227952e-17
6.344217253154601167e+03,1.041720260752236062e-17
6.347494416462772278e+03,1.041886583427809371e-17
6.350771579770944300e+03,9.967640966584919059e-18
6.354048743079115411e+03,9.099060815208525753e-18
6.357325906387285613e+03,8.424215446423930338e-18
6.360603069695456725e+03,7.870152924347098795e-18
6.363880233003627836e+03,8.059420517427125743e-18
6.367157396311798948e+03,8.263157533257472131e-18
6.370434559619969150e+03,8.084630183141950936e-18
6.373711722928141171e+03,7.998883817040155823e-18
6.376988886236322287e+03,7.012653720139468775e-18
6.380266049544492489e+03,6.628790390083389133e-18
6.383543212852663601e+03,6.589585384198507950e-18
6.386820376160834712e+03,6.509887444196523699e-18
6.390097539469005824e+03,6.692088083574424627e-18
6.393374702777176026e+03,6.154814404573750049e-18
6.396651866085348047e+03,5.074938667414377367e-18
6.399929029393519158e+03,4.768369533837181894e-18
6.403206192701700274e+03,5.114355383609218408e-18
6.406483356009870477e+03,4.326331729231843212e-18
6.409760519318041588e+03,3.702421736015047113e-18
6.413037682626212700e+03,4.256274940434368856e-18
6.416314845934383811e+03,3.741611046686375542e-18
6.419592009242554013e+03,3.363513121321631540e-18
6.422869172550726034e+03,3.226938459147790151e-18
6.426146335858897146e+03,2.766267554219498689e-18
6.429423499167077352e+03,2.612528023519431414e-18
6.432700662475248464e+03,3.394904838367789081e-18
6.435977825783419576e+03,3.281347100271328306e-18
6.439254989091590687e+03,2.632294281830101073e-18
6.442532152399760889e+03,2.645357229395497684e-18
6.445809315707932910e+03,2.960811166841931437e-18
6.449086479016104022e+03,2.274819927628903966e-18
6.452363642324275133e+03,2.122877631462627438e-18
6.455640805632445336e+03,2.494065900201391114e-18
6.458917968940616447e+03,2.374946548032520249e-18
6.462195132248787559e+03,2.704723951115240897e-18
6.465472295556968675e+03,2.524741851241442310e-18
6.468749458865139786e+03,2.391569505072684839e-18
6.472026622173310898e+03,2.695373840996698960e-18
6.475303785481482009e+03,2.791913354992356949e-18
6.478580948789652211e+03,2.921498813634499193e-18
6.481858112097823323e+03,2.732245242183233383e-18
6.485135275405994435e+03,2.677133656891403599e-18
6.488412438714165546e+03,2.899602511761749209e-18
6.491689602022345753e+03,2.656634103270752298e-18
6.494966765330517774e+03,2.589278961068456320e-18
6.498243928638688885e+03,2.816437434326956859e-18
6.501521091946859997e+03,3.294457570043973990e-18
6.504798255255030199e+03,3.149472169548509907e-18
6.508075418563201310e+03,3.640974699263454581e-18
6.511352581871372422e+03,3.029465123611591537e-18
6.514629745179543534e+03,2.711959313763985339e-18
6.517906908487714645e+03,2.819944513790370759e-18
6.521184071795895761e+03,2.405320223118506891e-18
6.524461235104066873e+03,2.880798895714471331e-18
6.527738398412237075e+03,2.882200654111776030e-18
6.531015561720408186e+03,2.941250364748519554e-18
6.534292725028579298e+03,3.108216591586645351e-18
6.537569888336750410e+03,2.759096013658945773e-18
6.540847051644921521e+03,2.707640760716332085e-18
6.544124214953092633e+03,3.365374984376583670e-18
6.547401378261273749e+03,3.507003921714545661e-18
6.550678541569444860e+03,2.591159182717523367e-18
6.553955704877615062e+03,4.124995298803790110e-18
6.557232868185786174e+03,7.470909377820512753e-18
6.560510031493957285e+03,9.451286789236611614e-18
6.563787194802128397e+03,8.712113305029973905e-18
6.567064358110299509e+03,5.636889913576771757e-18
6.570341521418470620e+03,3.218728870524712759e-18
6.573618684726641732e+03,3.326548180206407629e-18
6.576895848034812843e+03,4.499988655082871176e-18
6.580173011342993050e+03,4.873485427893835832e-18
6.583450174651164161e+03,4.677358601602840673e-18
6.586727337959335273e+03,2.891961812980905438e-18
6.590004501267506384e+03,2.791345635074841330e-18
6.593281664575677496e+03,2.824633852521780791e-18
6.596558827883848608e+03,3.110188040345304830e-18
6.599835991192019719e+03,3.608465565592477324e-18
6.603113154500189921e+03,2.597061906067556652e-18
6.606390317808361033e+03,3.237152572334409345e-18
6.609667481116532144e+03,3.310393413093806999e-18
6.612944644424713260e+03,3.020428598764957467e-18
6.616221807732884372e+03,3.515392040600844092e-18
6.619498971041055484e+03,3.289023648755497886e-18
6.622776134349226595e+03,2.831988203754857513e-18
6.626053297657397707e+03,2.930841621724398125e-18
6.629330460965567909e+03,2.732139754396674785e-18
6.632607624273739020e+03,3.105596626208801623e-18
6.635884787581910132e+03,2.955619448630671313e-18
6.639161950890091248e+03,2.854767650896355469e-18
6.642439114198262359e+03,3.029677699284858697e-18
6.645716277506433471e+03,2.983021688613384667e-18
6.648993440814604583e+03,2.959554821619425658e-18
6.652270604122774785e+03,3.126387100451510009e-18
6.655547767430945896e+03,3.216784577040299635e-18
6.658824930739117008e+03,2.966626433670896291e-18
6.662102094047289029e+03,3.152428436254803245e-18
6.665379257355459231e+03,2.617298930550969707e-18
6.668656420663640347e+03,2.021351032004804071e-18
6.671933583971811458e+03,2.428506353037093186e-18
6.675210747279981661e+03,2.504247326004464620e-18
6.678487910588152772e+03,2.299331568359299681e-18
6.681765073896323884e+03,2.437307993295811737e-18
6.685042237204494995e+03,2.492863803249318293e-18
6.688319400512666107e+03,2.252886503672919630e-18
6.691596563820837218e+03,1.945100558543412250e-18
6.694873727129008330e+03,1.798435565464105244e-18
6.698150890437179442e+03,1.836220312451347258e-18
6.701428053745359648e+03,1.506573099633282193e-18
6.704705217053530760e+03,1.686521455584298707e-18
6.707982380361701871e+03,2.473740503631508511e-18
6.711259543669873892e+03,2.544721088904545614e-18
6.714536706978044094e+03,2.355461419634662991e-18
6.717813870286215206e+03,2.034109578867829440e-18
6.721091033594386317e+03,1.499627545584252447e-18
6.724368196902557429e+03,2.240795251989745689e-18
6.727645360210737635e+03,2.054519782791910635e-18
6.730922523518908747e+03,1.853697187314901695e-18
6.734199686827080768e+03,1.422955917229678909e-18
6.737476850135250970e+03,1.026318578011371758e-18
6.740754013443422082e+03,1.641140477549748511e-18
6.744031176751593193e+03,1.569075162919278382e-18
6.747308340059764305e+03,7.449378938438274156e-19
6.750585503367934507e+03,9.365362319170576106e-19
6.753862666676105619e+03,1.421521732502287122e-18
6.757139829984276730e+03,1.645142225128933968e-18
6.760416993292458756e+03,7.528179139351964957e-19
6.763694156600628958e+03,1.414423713313817451e-18
6.766971319908800069e+03,1.222630619995037727e-18
6.770248483216971181e+03,1.277433614336273030e-18
6.773525646525142292e+03,4.735315840736061832e-19
6.776802809833312494e+03,4.655062972831581254e-19
6.780079973141483606e+03,4.085112384369079833e-19
6.783357136449655627e+03,5.068618020165514782e-19
6.786634299757825829e+03,3.345576979822117096e-19
6.789911463066006945e+03,6.959979701834783954e-19
6.793188626374178057e+03,1.499787373241002446e-18
6.796465789682349168e+03,1.279343021394138479e-18
6.799742952990519370e+03,6.149657781881205590e-19
6.803020116298690482e+03,3.558318526987783783e-19
6.806297279606862503e+03,3.252133140329508360e-19
6.809574442915033615e+03,2.211939638526479656e-19
6.812851606223203817e+03,4.674654266600044566e-19
6.816128769531384933e+03,5.088587382318940185e-19
6.819405932839556044e+03,3.914379265444189251e-19
6.822683096147726246e+03,1.564942285986860967e-19
6.825960259455897358e+03,2.252854892000267054e-19
6.829237422764068469e+03,1.173168333713020374e-18
6.832514586072240490e+03,8.470607324663362915e-19
6.835791749380410693e+03,3.766979748424776054e-19
6.839068912688581804e+03,7.829154980855493029e-19
6.842346075996752916e+03,1.045308339860479953e-18
6.845623239304924027e+03,7.457695567199196022e-19
6.848900402613094229e+03,6.201761298456271106e-19
6.852177565921275345e+03,4.267697354746236958e-19
6.855454729229447366e+03,4.012358351977725057e-19
6.858731892537618478e+03,3.387220461079247082e-19
6.862009055845788680e+03,3.328850818055546953e-19
6.865286219153959792e+03,1.809686948501462091e-19
6.868563382462130903e+03,5.268148844280860539e-19
6.871840545770302015e+03,8.610857334112619528e-19
6.875117709078482221e+03,9.033907469634311631e-19
6.878394872386654242e+03,3.222232325902066832e-19
6.881672035694825354e+03,2.204485398513064043e-19
6.884949199002995556e+03,5.542625402632041845e-19
6.888226362311166667e+03,2.504668083558452006e-19
6.891503525619337779e+03,4.328467692054062616e-19
6.894780688927508891e+03,3.560632327692109290e-19
6.898057852235679093e+03,7.072196321218636304e-19
6.901335015543850204e+03,5.262650163328048739e-19
6.904612178852022225e+03,1.093746398541901359e-18
6.907889342160203341e+03,9.688829742028445124e-19
6.911166505468373543e+03,2.882612858373318666e-19
6.914443668776544655e+03,-1.690848098701004630e-20
6.917720832084715767e+03,5.224781831457605832e-19
6.920997995392886878e+03,4.861095211314419607e-19
6.924275158701057080e+03,9.945997486767435033e-20
6.927552322009229101e+03,-3.128291192378841967e-20
6.930829485317400213e+03,4.552348842430714901e-19
6.934106648625580419e+03,6.156264384463318896e-19
6.937383811933741526e+03,4.166160168732232362e-19
6.940660975241922642e+03,3.489070357272013139e-19
6.943938138550093754e+03,3.406775282288203090e-19
6.947215301858263956e+03,6.214048825685753964e-19
6.950492465166435068e+03,5.986780137990521184e-19
6.953769628474607089e+03,1.432685762461512138e-19
6.957046791782778200e+03,2.177340055605766345e-19
6.960323955090948402e+03,8.465151275726360486e-19
6.963601118399129518e+03,9.601970145096754227e-19
6.966878281707300630e+03,6.302073644022931344e-19
6.970155445015471741e+03,3.458953025525194048e-19
6.973432608323641944e+03,8.023015110546777380e-19
6.976709771631813965e+03,7.538859681682498970e-19
6.979986934939985076e+03,5.821492515064397723e-19
6.983264098248155278e+03,4.905790080616643149e-19
6.986541261556326390e+03,6.489443383862246688e-19
6.989818424864497501e+03,1.076973317367659050e-18
6.993095588172668613e+03,7.170403128711896599e-19
6.996372751480848819e+03,8.323660562429796721e-19
6.999649914789020841e+03,7.772043076689423491e-19
7.002927078097191952e+03,3.863270493944429863e-19
7.006204241405363064e+03,9.486598276748129092e-19
7.009481404713533266e+03,1.289551887411298513e-18
7.012758568021704377e+03,1.093428331134045749e-18
7.016035731329875489e+03,6.328456798728452336e-19
7.019312894638046600e+03,4.838709135165631292e-19
7.022590057946216803e+03,8.039025287883166747e-19
7.025867221254388824e+03,1.148736684297420786e-18
7.029144384562569940e+03,9.735924760734103706e-19
7.032421547870740142e+03,6.701378330197483042e-19
7.035698711178911253e+03,9.196347263516513177e-19
7.038975874487082365e+03,9.349985670606000497e-19
7.042253037795253476e+03,8.165595429420732277e-19
7.045530201103423678e+03,1.292292821184366515e-18
7.048807364411595699e+03,9.702317688374787534e-19
7.052084527719776816e+03,2.789807076304220739e-19
7.055361691027947927e+03,1.046664435518619367e-18
7.058638854336118129e+03,1.390802671427499939e-18
7.061916017644289241e+03,1.181801476042189327e-18
7.065193180952460352e+03,9.706370382049067917e-19
7.068470344260631464e+03,9.226603065726483500e-19
7.071747507568802575e+03,1.169698048993552010e-18
7.075024670876973687e+03,7.437403774301411673e-19
7.078301834185144799e+03,9.119927864441517378e-19
7.081578997493315910e+03,8.160364372621063007e-19
7.084856160801496117e+03,6.126247080268850029e-19
7.088133324109667228e+03,1.011996313336841075e-18
7.091410487417838340e+03,1.087521383978372393e-18
7.094687650726008542e+03,1.167714527869909400e-18
7.097964814034180563e+03,1.379193707080207181e-18
7.101241977342351674e+03,1.125410951794058638e-18
7.104519140650522786e+03,1.155598214691526242e-18
7.107796303958692988e+03,1.152109270162677615e-18
7.111073467266864100e+03,1.101913050182450192e-18
7.114350630575045216e+03,7.110199404634494015e-19
7.117627793883216327e+03,1.459449685169175854e-18
7.120904957191387439e+03,1.390837364098395268e-18
7.124182120499558550e+03,1.768846179111152468e-18
7.127459283807729662e+03,1.666048254869280119e-18
7.130736447115900773e+03,1.505714771519089084e-18
7.134013610424070976e+03,1.526590269759631364e-18
7.137290773732242087e+03,1.344631102784864335e-18
7.140567937040413199e+03,1.428895579696807306e-18
7.143845100348594315e+03,1.348351559691306913e-18
7.147122263656765426e+03,1.412161221233104458e-18
7.150399426964936538e+03,1.525956483481520793e-18
7.153676590273107649e+03,1.405175180098073370e-18
7.156953753581277851e+03,1.563442107681192400e-18
7.160230916889448963e+03,1.710708609841180381e-18
7.163508080197620075e+03,1.955850920155363523e-18
7.166785243505791186e+03,2.365443354199691165e-18
7.170062406813962298e+03,2.066282473702682707e-18
7.173339570122133409e+03,1.604979118475208496e-18
7.176616733430314525e+03,1.176637700635762003e-18
7.179893896738484727e+03,1.315853381066748757e-18
7.183171060046655839e+03,1.811049881974732518e-18
7.186448223354826951e+03,1.620958657190802230e-18
7.189725386662998062e+03,1.584314991200161570e-18
7.193002549971169174e+03,1.507822398896709985e-18
7.196279713279340285e+03,1.649073796880022643e-18
7.199556876587521401e+03,2.589931232664609181e-18
7.202834039895692513e+03,2.931900611234654594e-18
7.206111203203862715e+03,2.276349801563488193e-18
7.209388366512033826e+03,3.034007244713014654e-18
7.212665529820204938e+03,2.257360240929685954e-18
7.215942693128376959e+03,2.689551275134012315e-18
7.219219856436547161e+03,2.407883089154816887e-18
7.222497019744718273e+03,2.672431392519394710e-18
7.225774183052889384e+03,2.766279887594151707e-18
7.229051346361060496e+03,3.420038890107987102e-18
7.232328509669230698e+03,3.527929361771364634e-18
7.235605672977411814e+03,3.468599479482208982e-18
7.238882836285582925e+03,4.331068178195290905e-18
7.242159999593754037e+03,5.111134074175557911e-18
7.245437162901925149e+03,4.029442276714578969e-18
7.248714326210096260e+03,3.498719444540505541e-18
7.251991489518267372e+03,3.848660039950266318e-18
7.255268652826437574e+03,5.161693380733750753e-18
7.258545816134608685e+03,4.781873947154791452e-18
7.261822979442779797e+03,5.311638240858834408e-18
7.265100142750961822e+03,6.106514943224820351e-18
7.268377306059132025e+03,5.352116219377899131e-18
7.271654469367303136e+03,4.787180702059825775e-18
7.274931632675474248e+03,4.760752647932403319e-18
7.278208795983645359e+03,4.567240572817298181e-18
7.281485959291815561e+03,5.552688532200804448e-18
7.284763122599986673e+03,6.111329818359598878e-18
7.288040285908157784e+03,5.582191620233012050e-18
7.291317449216329805e+03,5.966309512206067481e-18
7.294594612524510012e+03,6.029954501939985523e-18
7.297871775832681124e+03,5.700708513491735257e-18
7.301148939140852235e+03,5.425331460184766431e-18
7.304426102449022437e+03,5.093496905777975672e-18
7.307703265757193549e+03,5.715097890797727526e-18
7.310980429065364660e+03,6.248448998772050725e-18
7.314257592373536681e+03,6.214719628856622712e-18
7.317534755681706883e+03,6.594396100087710118e-18
7.320811918989887999e+03,6.504185923790225183e-18
7.324089082298059111e+03,6.389125646631606956e-18
7.327366245606230223e+03,6.099056912923781804e-18
7.330643408914400425e+03,6.090341501608944621e-18
7.333920572222571536e+03,6.091166840649703023e-18
7.337197735530743557e+03,5.628243387242140603e-18
7.340474898838913759e+03,5.960306308733161326e-18
7.343752062147084871e+03,5.882491400825224750e-18
7.347029225455255983e+03,6.103135225114437142e-18
7.350306388763427094e+03,5.422900874516846584e-18
7.353583552071607301e+03,5.418754458924897703e-18
7.356860715379778412e+03,5.387358880445391442e-18
7.360137878687949524e+03,5.763377012523807193e-18
7.363415041996121545e+03,5.375579739613247559e-18
7.366692205304291747e+03,5.515328428956890349e-18
7.369969368612462858e+03,5.392895688778564515e-18
7.373246531920633970e+03,4.225835847939722370e-18
7.376523695228805082e+03,4.028152009806280035e-18
7.379800858536975284e+03,4.625611153438723391e-18
7.383078021845156400e+03,4.252607705740058036e-18
7.386355185153328421e+03,4.003915160002323494e-18
7.389632348461498623e+03,3.830264055594536455e-18
7.392909511769669734e+03,3.655357703798681710e-18
7.396186675077840846e+03,3.676073523186214234e-18
7.399463838386011957e+03,3.294001471757238077e-18
7.402741001694182160e+03,3.087651239629662717e-18
7.406018165002353271e+03,3.316117741641890656e-18
7.409295328310525292e+03,3.274776222159115849e-18
7.412572491618706408e+03,2.937654581566342170e-18
7.415849654926876610e+03,3.295755757968827360e-18
7.419126818235047722e+03,2.781464311377683953e-18
7.422403981543218833e+03,2.815912269420097998e-18
7.425681144851389945e+03,3.360172129299004943e-18
7.428958308159560147e+03,2.773695146057442004e-18
7.432235471467731259e+03,2.441793422179489995e-18
7.435512634775913284e+03,2.782813377117080566e-18
7.438789798084083486e+03,2.551835572350948165e-18
7.442066961392254598e+03,1.986874834791596664e-18
7.445344124700425709e+03,2.757923910617625186e-18
7.448621288008596821e+03,3.580234556972546588e-18
7.451898451316767023e+03,2.498072737756878400e-18
7.455175614624938135e+03,1.569622272842818388e-18
7.458452777933110156e+03,1.445252128355480139e-18
7.461729941241281267e+03,1.447158265611968555e-18
7.465007104549451469e+03,1.449525555648416796e-18
7.468284267857632585e+03,6.517674634538735099e-19
7.471561431165803697e+03,2.548416760905462237e-19
7.474838594473974808e+03,7.446699458041816065e-19
7.478115757782145010e+03,1.073960744921755227e-18
7.481392921090317031e+03,1.551116776677442793e-18
7.484670084398488143e+03,1.345021454783683781e-18
7.487947247706658345e+03,1.114170991522885607e-18
7.491224411014829457e+03,1.388325483032324184e-18
7.494501574323000568e+03,1.614303117477294687e-18
7.497778737631171680e+03,1.259158615090512258e-18
7.501055900939351886e+03,6.042537671273973393e-19
7.504333064247522998e+03,7.089359732096520385e-19
7.507610227555695019e+03,1.125411962024448177e-18
7.510887390863866131e+03,3.338397140390094579e-19
7.514164554172036333e+03,2.246614660354489579e-19
7.517441717480207444e+03,8.397139497061018732e-20
7.520718880788378556e+03,3.403277447263883538e-19
7.523996044096549667e+03,3.808391951061529476e-19
7.527273207404729874e+03,2.227073897900628633e-19
7.530550370712901895e+03,7.967314145271264124e-19
7.533827534021073006e+03,3.272069085926679416e-19
7.537104697329243209e+03,4.869171073812548717e-19
7.540381860637414320e+03,2.706212954473368834e-19
7.543659023945585432e+03,2.729472781149738250e-19
7.546936187253756543e+03,2.834824832584191753e-19
7.550213350561926745e+03,1.558504558310390261e-20
7.553490513870098766e+03,-4.003276804276821158e-19
7.556767677178269878e+03,4.456435354881935325e-20
7.560044840486450994e+03,-5.383469461002548753e-20
7.563322003794621196e+03,5.175958779969662944e-19
7.566599167102792308e+03,6.909774764607394015e-19
7.569876330410963419e+03,2.915481563433213309e-20
7.573153493719134531e+03,-1.232023113225233345e-20
7.576430657027304733e+03,2.357003378825580329e-19
7.579707820335476754e+03,4.170956668175191831e-19
7.582984983643647865e+03,3.538647705288496130e-19
7.586262146951818977e+03,2.985462192035427404e-19
7.589539310259999183e+03,4.227446727868962917e-19
7.592816473568170295e+03,8.466783137358687005e-20
7.596093636876341407e+03,-1.235296594642983528e-19
7.599370800184511609e+03,4.418471568314013438e-19
7.602647963492683630e+03,4.797409654738308256e-19
7.605925126800854741e+03,2.633032641643663972e-19
7.609202290109025853e+03,5.087949577668695381e-19
7.612479453417196055e+03,4.937601653532882271e-19
7.615756616725367167e+03,3.965952747408017883e-19
7.619033780033548283e+03,8.357019298631676278e-20
7.622310943341719394e+03,1.859085683990550423e-19
7.625588106649889596e+03,3.953673432392511660e-19
7.628865269958061617e+03,3.539951166599105265e-19
7.632142433266232729e+03,1.833105551414141045e-19
7.635419596574403840e+03,7.243105501347652735e-19
7.638696759882574042e+03,3.787341307911129401e-19
7.641973923190745154e+03,1.118835573945579447e-18
7.645251086498926270e+03,7.553046114901867242e-19
7.648528249807096472e+03,5.587248184025723574e-19
7.651805413115268493e+03,9.306206056751800589e-19
7.655082576423439605e+03,-2.252911341689963766e-19
7.658359739731610716e+03,3.943981552861641525e-19
7.661636903039780918e+03,7.969297529211157152e-19
7.664914066347952030e+03,7.255367448897962073e-19
7.668191229656123141e+03,8.695915762447558809e-19
7.671468392964294253e+03,1.158555075016135323e-18
7.674745556272465365e+03,1.449747876476413087e-18
7.678022719580636476e+03,6.058242641706824470e-19
7.681299882888817592e+03,5.392834260761595161e-19
7.684577046196987794e+03,-2.934970115963896299e-20
7.687854209505158906e+03,2.310542711866492904e-19
7.691131372813330017e+03,5.829467061215909384e-19
7.694408536121501129e+03,3.042656989757071971e-19
7.697685699429671331e+03,5.429533925361045920e-19
7.700962862737843352e+03,7.225311319374286801e-19
7.704240026046014464e+03,6.921531993760134787e-19
7.707517189354195580e+03,4.313915385262665266e-19
7.710794352662365782e+03,5.967096228930489065e-19
7.714071515970536893e+03,1.683757487522112700e-18
7.717348679278708005e+03,1.527601060960250618e-18
7.720625842586879116e+03,2.617611099762375603e-20
7.723903005895050228e+03,3.015115364350376575e-19
7.727180169203221340e+03,1.430729319161810948e-19
7.730457332511392451e+03,5.114188166756871872e-19
7.733734495819563563e+03,2.813613851799306459e-19
7.737011659127743769e+03,6.911767129283946649e-19
7.740288822435914881e+03,1.408072320385262344e-18
7.743565985744085992e+03,1.989710205928626820e-18
7.746843149052257104e+03,-2.371179961814931238e-19
7.750120312360428215e+03,1.115176165167342061e-19
7.753397475668599327e+03,-4.626080487815512790e-19
7.756674638976770439e+03,5.433853461877770402e-19
7.759951802284940641e+03,4.922152511265092972e-19
7.763228965593111752e+03,2.335212215165133282e-19
7.766506128901282864e+03,4.170527699052669238e-19
7.769783292209463980e+03,6.596404969942537206e-19
7.773060455517635091e+03,1.228552805842637747e-18
7.776337618825806203e+03,5.454421459841839171e-19
7.779614782133977315e+03,4.892012577378570121e-19
7.782891945442148426e+03,8.212288003743010659e-19
7.786169108750318628e+03,2.042314044037625983e-19
7.789446272058489740e+03,2.153921082658496275e-19
7.792723435366660851e+03,1.952553326702081309e-19
7.796000598674832872e+03,-3.703984556909945407e-19
7.799277761983013079e+03,6.679765952554185918e-19
7.802554925291184190e+03,1.156846914756348723e-18
7.805832088599355302e+03,1.702067271626076805e-19
7.809109251907525504e+03,1.021163960259226438e-18
7.812386415215696616e+03,1.350390127822107287e-18
7.815663578523867727e+03,-2.127109715712369585e-20
7.818940741832039748e+03,3.518751817703612182e-19
7.822217905140209950e+03,9.932820175752272703e-19
7.825495068448391066e+03,7.464926798081593268e-20
7.828772231756562178e+03,5.999229164253157671e-19
7.832049395064733289e+03,5.624775525913809307e-19
7.835326558372903492e+03,1.763128132071587799e-18
7.838603721681074603e+03,-7.162803186520603972e-19
7.841880884989245715e+03,6.500138810554050264e-20
7.845158048297416826e+03,1.134660300796725233e-18
7.848435211605587938e+03,7.535584643768703052e-19
7.851712374913759049e+03,1.194652566541898364e-18
7.854989538221940165e+03,1.493583334216190027e-18
7.858266701530110367e+03,8.111734326294766979e-19
7.861543864838281479e+03,2.979073694826670402e-19
7.864821028146452591e+03,-1.438676297227429955e-19
7.868098191454624612e+03,2.789814653985770828e-19
7.871375354762794814e+03,7.628233090896345893e-19
7.874652518070965925e+03,1.207261264275549501e-18
7.877929681379137037e+03,8.756879568611673718e-19
7.881206844687308148e+03,2.252569304678030256e-19
7.884484007995478350e+03,1.370888718872060654e-18
7.887761171303659467e+03,1.139825351027566943e-18
7.891038334611830578e+03,1.285428795906464554e-18
7.894315497920001690e+03,1.375577398821862046e-18
7.897592661228172801e+03,4.036846387011896175e-19
7.900869824536343913e+03,7.658779402500248605e-19
7.904146987844515024e+03,2.414004991871316256e-19
7.907424151152685226e+03,-2.014121972304651388e-19
7.910701314460856338e+03,7.101594434895088984e-19
7.913978477769027450e+03,1.499455184179052179e-18
7.917255641077209475e+03,9.458470697114727362e-19
7.920532804385379677e+03,1.512574028690091821e-18
7.923809967693550789e+03,8.065370414358589446e-19
7.927087131001721900e+03,5.835827578593201494e-19
7.930364294309893012e+03,2.121601030207806957e-19
7.933641457618063214e+03,1.375528153637444152e-18
7.936918620926234325e+03,1.359423526117597799e-19
7.940195784234406347e+03,-4.619446326477689371e-20
7.943472947542577458e+03,9.252371856004165296e-19
7.946750110850757665e+03,1.087832048409878179e-18
7.950027274158928776e+03,6.816305602936940444e-19
7.953304437467099888e+03,-3.235647182024155945e-19
7.956581600775270090e+03,2.390993120460077000e-19
7.959858764083441201e+03,3.838850887375632113e-19
7.963135927391612313e+03,4.250818004656239666e-19
7.966413090699784334e+03,7.050675337696046082e-19
7.969690254007954536e+03,3.984331583584602201e-19
7.972967417316125648e+03,6.358009740054314847e-19
7.976244580624306764e+03,4.461253558654946677e-19
7.979521743932477875e+03,2.890751014903031954e-19
7.982798907240648077e+03,2.920110734579978459e-20
7.986076070548819189e+03,-1.622327289903416004e-19
7.989353233856991210e+03,-1.389431476619159996e-19
7.992630397165162321e+03,-6.180367528336145393e-20
7.995907560473332524e+03,5.957052890608363504e-19
7.999184723781503635e+03,8.791706957258388753e-19
8.002461887089674747e+03,4.946683386605936246e-19
8.005739050397854953e+03,1.933689554519174489e-19
8.009016213706026065e+03,3.551791493794357949e-19
8.012293377014198086e+03,9.029088482410869124e-19
8.015570540322369197e+03,9.335803602898047995e-19
8.018847703630539399e+03,4.657967474176508323e-19
8.022124866938710511e+03,6.264845612712943709e-19
8.025402030246881623e+03,1.582956859069229606e-19
8.028679193555052734e+03,5.340520846577774054e-20
8.031956356863222936e+03,1.184631134265450841e-19
8.035233520171394048e+03,7.826902704302678362e-20
8.038510683479576073e+03,1.005524374803176707e-18
8.041787846787746275e+03,5.389164568708828607e-19
8.045065010095917387e+03,-1.076547233505745859e-20
8.048342173404088499e+03,1.026948480205367445e-19
8.051619336712259610e+03,1.512528904033600086e-19
8.054896500020429812e+03,5.220868009219834276e-19
8.058173663328600924e+03,3.973056467836727284e-19
8.061450826636772945e+03,4.306652913965034515e-19
8.064727989944944056e+03,5.969717172748678254e-19
8.068005153253124263e+03,6.705364749184090405e-19
8.071282316561295374e+03,4.299575141827296968e-19
8.074559479869466486e+03,3.666959753163076199e-19
8.077836643177637598e+03,5.590984948491853310e-19
8.081113806485807800e+03,3.421352733217042794e-19
8.084390969793979821e+03,2.556329716248017775e-19
8.087668133102150932e+03,4.775790784123099369e-19
8.090945296410322044e+03,2.601396081949552412e-19
8.094222459718502250e+03,6.791741883324925602e-20
8.097499623026673362e+03,2.850797218814404291e-19
8.100776786334844473e+03,5.186430960340715255e-19
8.104053949643014676e+03,6.516488898333076914e-19
8.107331112951185787e+03,5.406393904458254334e-19
8.110608276259357808e+03,1.943849404693702970e-19
8.113885439567528920e+03,-1.473471573096676928e-19
8.117162602875699122e+03,5.016046747397057168e-19
8.120439766183870233e+03,2.074683277745195191e-19
8.123716929492052259e+03,-1.111610815188640371e-19
8.126994092800223370e+03,6.236127309767000001e-19
8.130271256108393573e+03,8.703225829967954881e-19
8.133548419416564684e+03,8.117268411195186827e-19
8.136825582724735796e+03,8.770530342653924980e-19
8.140102746032906907e+03,1.479979533393030300e-19
8.143379909341077109e+03,3.474496678162176871e-19
8.146657072649248221e+03,4.615085626991970747e-19
8.149934235957419332e+03,6.860248512457193960e-20
8.153211399265590444e+03,3.798596468706214073e-19
8.156488562573771560e+03,5.454289515906954385e-19
8.159765725881942672e+03,5.709047869005850564e-19
8.163042889190113783e+03,4.921567736406266469e-19
8.166320052498283985e+03,3.445240041671580777e-19
8.169597215806455097e+03,1.453545654268140917e-19
8.172874379114626208e+03,6.762090596938379466e-19
8.176151542422797320e+03,7.044983941293642796e-19
8.179428705730967522e+03,5.991179590058924483e-19
8.182705869039149547e+03,6.762187576858049755e-19
8.185983032347320659e+03,2.821110354653899344e-19
8.189260195655491771e+03,2.713575732494101116e-19
8.192537358963661973e+03,7.932381876574897292e-19
8.195814522271832175e+03,1.106335042218993145e-18
8.199091685580004196e+03,7.548100781817189613e-19
8.202368848888174398e+03,9.249736691459341684e-19
8.205646012196346419e+03,8.114763236709159749e-19
8.208923175504516621e+03,-2.685694515227097956e-19
8.212200338812697737e+03,-3.191498457352571394e-19
8.215477502120869758e+03,1.931116366108062020e-19
8.218754665429039960e+03,-4.324714747242290777e-20
8.222031828737210162e+03,4.186638988596337744e-19
8.225308992045382183e+03,-8.359448503682221665e-19
8.228586155353552385e+03,-4.474679170525594966e-19
8.231863318661724406e+03,5.565689784177310097e-19
8.235140481969894608e+03,2.609086531437744394e-19
8.238417645278064811e+03,9.518318899868009064e-19
8.241694808586238651e+03,6.921744671004992202e-19
8.244971971894417948e+03,7.616809518703119541e-19
8.248249135202588150e+03,7.138501053745790551e-19
8.251526298510760171e+03,4.285177458215946193e-19
8.254803461818930373e+03,5.422062321045808022e-19
8.258080625127100575e+03,8.235965914831257300e-19
8.261357788435272596e+03,2.568776080547083693e-18
8.264634951743442798e+03,1.382839051348003545e-18
8.267912115051616638e+03,1.007822208750270156e-18
8.271189278359795935e+03,1.655439094632784933e-20
8.274466441667966137e+03,-1.392569250260321593e-18
8.277743604976138158e+03,-1.398403363927343798e-19
8.281020768284308360e+03,1.857936701106282957e-18
8.284297931592478562e+03,1.969744073488469339e-18
8.287575094900650583e+03,3.372444917520644345e-19
8.290852258208822605e+03,2.994972695699167660e-19
8.294129421516994626e+03,6.650964109297333946e-19
8.297406584825164828e+03,5.869409970721306625e-19
8.300683748133344125e+03,5.091927027228094735e-19
8.303960911441516146e+03,2.090544966274925193e-19
8.307238074749686348e+03,-2.810451283795138800e-19
8.310515238057856550e+03,1.207859631272243275e-18
8.313792401366030390e+03,1.642518806292011427e-18
8.317069564674200592e+03,2.398146090875090951e-18
8.320346727982370794e+03,1.203193573297929268e-18
8.323623891290542815e+03,6.680057035357567173e-19
8.326901054598713017e+03,6.887346215451266472e-19
8.330178217906894133e+03,1.388223185158030863e-18
8.333455381215064335e+03,1.312995510969603681e-18
8.336732544523234537e+03,6.378064011176570743e-19
8.340009707831408377e+03,6.574685578169861740e-19
8.343286871139578579e+03,1.646556614233950841e-19
8.346564034447748782e+03,1.398730278670814665e-18
8.349841197755920803e+03,1.875165818394322922e-18
8.353118361064091005e+03,3.407580376251845339e-19
8.356395524372261207e+03,4.573513190563981961e-19
8.359672687680442323e+03,3.973854748080296888e-20
8.362949850988614344e+03,-3.594682539812309006e-19
8.366227014296786365e+03,2.448858696729401775e-19
8.369504177604956567e+03,7.883174139519854793e-19
8.372781340913126769e+03,1.128663479918988597e-18
8.376058504221298790e+03,7.971182561548561277e-19
8.379335667529468992e+03,1.460996482273366527e-18
8.382612830837639194e+03,1.195722318254225608e-18
8.385889994145811215e+03,-9.385028237392779595e-19
8.389167157453981417e+03,-1.232846983178806217e-18
8.392444320762162533e+03,-5.084320449295851865e-19
8.395721484070334554e+03,4.750167062417741566e-19
8.398998647378504756e+03,-1.920521132919022578e-20
8.402275810686676778e+03,4.463839473513455713e-19
8.405552973994846980e+03,1.732838124547515094e-19
8.408830137303017182e+03,8.916110006808762865e-19
8.412107300611189203e+03,1.795488029505233923e-18
8.415384463919359405e+03,5.521516180706382600e-19
8.418661627227529607e+03,2.625730966865128060e-19
8.421938790535712542e+03,1.508171758841505182e-18
8.425215953843882744e+03,5.383818627791836676e-19
8.428493117152054765e+03,6.896181156774125411e-19
8.431770280460224967e+03,3.381355759022036933e-19
8.435047443768395169e+03,1.158952156217518672e-18
8.438324607076567190e+03,7.243975828052928053e-19
8.441601770384737392e+03,2.468818920942795492e-19
8.444878933692907594e+03,4.545447592539830095e-19
8.448156097001090529e+03,1.856392296867902349e-19
8.451433260309249818e+03,1.065856555609110643e-18
8.454710423617430934e+03,7.833218111002388788e-19
8.457987586925602955e+03,4.188532588428765651e-19
8.461264750233773157e+03,6.258261424943993232e-19
8.464541913541945178e+03,4.927133162129990268e-19
8.467819076850115380e+03,2.494590697151467928e-19
8.471096240158285582e+03,4.986654181852419727e-19
8.474373403466457603e+03,1.036656573891923732e-18
8.477650566774627805e+03,6.207987785334938878e-19
8.480927730082798007e+03,-3.432021071683272955e-20
8.484204893390980942e+03,3.694101577276354547e-19
8.487482056699151144e+03,7.639385548635796151e-19
8.490759220007323165e+03,4.830553339410833165e-19
8.494036383315493367e+03,3.423521934975256259e-19
8.497313546623663569e+03,3.821906212111832891e-19
8.500590709931835590e+03,4.658887907260614302e-19
8.503867873240005792e+03,4.547529369725018841e-19
8.507145036548186908e+03,2.079735778968026426e-19
8.510422199856349835e+03,5.756336878323997784e-19
8.513699363164529132e+03,-2.087450940997903420e-19
8.516976526472699334e+03,6.586740779048829386e-19
8.520253689780871355e+03,1.856168114876042014e-18
8.523530853089041557e+03,1.650139916033460270e-18
8.526808016397213578e+03,1.074444984671306738e-18
8.530085179705383780e+03,1.193379512257428149e-18
8.533362343013564896e+03,1.187919438412023449e-18
8.536639506321727822e+03,1.026321973565567975e-18
8.539916669629898024e+03,2.123695116953795937e-18
8.543193832938077321e+03,1.846685397756908765e-18
8.546470996246249342e+03,1.131919159131374410e-18
8.549748159554419544e+03,1.049185325202956250e-19
8.553025322862589746e+03,9.175386926232602468e-19
8.556302486170763586e+03,1.158616079763723538e-18
8.559579649478933788e+03,4.883054008984031938e-19
8.562856812787114904e+03,1.087835573587980605e-18
8.566133976095276012e+03,2.122336864583759823e-18
8.569411139403455309e+03,2.675994882747275311e-18
8.572688302711627330e+03,2.030348008552544857e-18
8.575965466019797532e+03,4.687151787788266078e-19
8.579242629327969553e+03,3.889818895872789653e-19
8.582519792636141574e+03,1.192455237016162144e-18
8.585796955944311776e+03,1.739597520862551178e-19
8.589074119252483797e+03,-4.005017163502197271e-19
8.592351282560653999e+03,6.416805997362235152e-19
8.595628445868833296e+03,5.065622558935581587e-19
8.598905609177005317e+03,1.045682551334575886e-18
8.602182772485175519e+03,1.423372003064900132e-18
8.605459935793347540e+03,5.314885673707060279e-19
8.608737099101519561e+03,8.499924608900925726e-19
8.612014262409689763e+03,1.024817753680411035e-18
8.615291425717859966e+03,1.140759781015799762e-18
8.618568589026031987e+03,1.473450482919909155e-18
8.621845752334202189e+03,1.076896503211071026e-18
8.625122915642374210e+03,5.179442063238564601e-19
8.628400078950555326e+03,8.848901547848937140e-19
8.631677242258725528e+03,8.253793422736958087e-19
8.634954405566897549e+03,8.308737743988067736e-19
8.638231568875067751e+03,8.882713217245158820e-19
8.641508732183237953e+03,1.107408912316174839e-18
8.644785895491409974e+03,1.345550347677756082e-18
8.648063058799580176e+03,2.706732414553497149e-18
8.651340222107752197e+03,2.086262414522879196e-18
8.654617385415922399e+03,2.337931328411141806e-18
8.657894548724092601e+03,2.324359218710515120e-18
8.661171712032275536e+03,1.973040279870552722e-18
8.664448875340445738e+03,1.849481780693101512e-18
8.667726038648615940e+03,1.618819196562187540e-18
8.671003201956787962e+03,2.185578443485570498e-18
8.674280365264958164e+03,1.851935406635384209e-18
8.677557528573128366e+03,1.016403561434377505e-18
8.680834691881300387e+03,8.999962448480021291e-19
8.684111855189470589e+03,9.259613573172458145e-21
8.687389018497653524e+03,9.531489356169782801e-19
8.690666181805823726e+03,3.795183404442016797e-18
8.693943345113993928e+03,2.643235191919114805e-18
8.697220508422165949e+03,2.332790234086371903e-18
8.700497671730336151e+03,1.242024231525064341e-18
8.703774835038506353e+03,2.186575752269999135e-18
8.707051998346678374e+03,1.209685108506140614e-18
8.710329161654848576e+03,2.161289310318216548e-18
8.713606324963018778e+03,3.020178801496004706e-18
8.716883488271201713e+03,2.400061248479306214e-18
8.720160651579371915e+03,2.525471606530690008e-18
8.723437814887543936e+03,2.028516462215601108e-18
8.726714978195714139e+03,1.850390736313949388e-18
8.729992141503884341e+03,1.733178471412505719e-18
8.733269304812056362e+03,2.069310474734763631e-18
8.736546468120226564e+03,3.238899455202455816e-18
8.739823631428396766e+03,5.889929225130012611e-18
8.743100794736568787e+03,4.676985015936601365e-18
8.746377958044749903e+03,7.049280144817390219e-19
8.749655121352920105e+03,-1.044303750634571769e-18
8.752932284661092126e+03,9.126611850862723887e-19
8.756209447969262328e+03,2.530538441675900058e-18
8.759486611277434349e+03,1.279247611606750901e-18
8.762763774585604551e+03,1.880844082044942782e-18
8.766040937893774753e+03,1.591945061207940048e-18
8.769318101201946774e+03,1.170746831028559471e-18
8.772595264510118795e+03,2.297206523682174353e-18
8.775872427818298092e+03,1.981118273299464191e-18
8.779149591126470114e+03,1.430317066382827550e-18
8.782426754434640316e+03,1.360331173879034846e-18
8.785703917742812337e+03,1.504841577452883020e-18
8.788981081050982539e+03,1.053429424143939391e-18
8.792258244359152741e+03,8.789318011714254318e-19
8.795535407667326581e+03,1.642118595072489133e-18
8.798812570975496783e+03,2.414777567357447158e-18
8.802089734283666985e+03,1.514795402943070049e-18
8.805366897591848101e+03,5.295701956827363718e-19
8.808644060900018303e+03,1.292068949809887166e-18
8.811921224208188505e+03,2.343020209056642897e-18
8.815198387516360526e+03,2.484861648085166809e-18
8.818475550824530728e+03,9.036653476385813773e-19
8.821752714132704568e+03,1.154120378212382158e-18
8.825029877440874770e+03,6.689737508659953347e-19
8.828307040749044972e+03,9.863167194697968419e-19
8.831584204057226088e+03,1.829898804396174523e-18
8.834861367365396291e+03,-4.296385828387490505e-19
8.838138530673566493e+03,1.308233410295636765e-18
8.841415693981738514e+03,9.678591762948109875e-19
8.844692857289910535e+03,1.119236065243227784e-18
8.847970020598082556e+03,5.311838170808734062e-19
8.851247183906252758e+03,4.784556674499190759e-19
8.854524347214422960e+03,1.876259371615083925e-18
8.857801510522594981e+03,2.061909674318075168e-19
8.861078673830765183e+03,3.628077665498535586e-19
8.864355837138944480e+03,9.303291977527601604e-19
8.867633000447116501e+03,2.794548265361406341e-18
8.870910163755288522e+03,2.753193287934326763e-18
8.874187327063458724e+03,4.674237244906284744e-19
8.877464490371630745e+03,-3.154975280848854454e-19
8.880741653679800947e+03,-3.583395648518764064e-20
8.884018816987972968e+03,7.828623064920536385e-19
8.887295980296143171e+03,8.558153856249056141e-19
8.890573143604313373e+03,4.871146418615434124e-19
8.893850306912496308e+03,-1.941055966336883871e-19
8.897127470220655596e+03,1.312357806637599569e-18
8.900404633528836712e+03,1.111055077570141319e-18
8.903681796837008733e+03,1.513651332370671236e-19
8.906958960145178935e+03,1.498519232631563939e-19
8.910236123453349137e+03,7.113359249550884200e-19
8.913513286761521158e+03,1.381048501422532322e-18
8.916790450069691360e+03,8.221780696404778736e-19
8.920067613377863381e+03,2.532905746388864218e-19
8.923344776686044497e+03,4.783448314278471611e-19
8.926621939994203785e+03,4.197775317204193794e-19
8.929899103302386720e+03,1.314951021978746446e-19
8.933176266610556922e+03,-2.706856007010040376e-19
8.936453429918727124e+03,3.247807859292797320e-19
8.939730593226899146e+03,3.723911990355050301e-19
8.943007756535069348e+03,1.234416831948268254e-19
8.946284919843241369e+03,6.558029112684094119e-19
8.949562083151411571e+03,6.866900181000383407e-19
8.952839246459592687e+03,1.980203766981615213e-19
8.956116409767764708e+03,8.552122554398831827e-19
8.959393573075934910e+03,4.039040001932356737e-19
8.962670736384105112e+03,1.775607428065569463e-19
8.965947899692277133e+03,2.078814875122987165e-19
8.969225063000447335e+03,2.647618307374608526e-19
8.972502226308617537e+03,2.234787934138896103e-19
8.975779389616789558e+03,6.000556160934019497e-19
8.979056552924959760e+03,5.921230179334676535e-19
8.982333716233142695e+03,-2.065089600869448791e-19
8.985610879541312897e+03,-2.489410424154521064e-19
8.988888042849483099e+03,-6.275454118682510334e-20
8.992165206157655120e+03,-2.642459728590774178e-19
8.995442369465825323e+03,5.306726717135642307e-20
8.998719532773995525e+03,6.403608261741733292e-19
9.001996696082167546e+03,1.158487908958601170e-19
9.005273859390337748e+03,-6.133216049196850756e-19
9.008551022698509769e+03,-2.659151270540568444e-20
9.011828186006690885e+03,6.570092330562049713e-19
9.015105349314851992e+03,7.443603779837370008e-19
9.018382512623033108e+03,7.066877622743462292e-19
9.021659675931203310e+03,4.783568113659083398e-19
9.024936839239373512e+03,1.139014145694982385e-20
9.028214002547545533e+03,-1.474026432420852870e-19
9.031491165855715735e+03,-4.478750680368487590e-19
9.034768329163885937e+03,-2.940341788431953224e-19
9.038045492472059777e+03,2.979047104866375555e-19
9.041322655780229979e+03,1.957879944329300222e-19
9.044599819088402000e+03,4.323967450840019988e-19
9.047876982396581298e+03,1.454786566319562107e-18
9.051154145704751500e+03,8.682775713630029829e-19
9.054431309012923521e+03,5.369806347130417520e-19
9.057708472321093723e+03,6.366867146205947638e-19
9.060985635629265744e+03,8.564550191982712890e-19
9.064262798937437765e+03,6.273432768964783413e-19
9.067539962245607967e+03,6.373896134873720705e-19
9.070817125553787264e+03,4.529820853061323878e-19
9.074094288861959285e+03,-3.721019823137382295e-19
9.077371452170129487e+03,-8.214449054024234624e-19
9.080648615478301508e+03,-8.284462559785720612e-20
9.083925778786471710e+03,1.472774489289566495e-19
9.087202942094643731e+03,1.283233323094358960e-19
9.090480105402815752e+03,2.471821887087391058e-19
9.093757268710985954e+03,5.550529796509770034e-19
9.097034432019156156e+03,5.993540191343783163e-19
9.100311595327328178e+03,4.994775406932742416e-20
9.103588758635507475e+03,1.628760190547478044e-19
9.106865921943677677e+03,6.129007964328511666e-19
9.110143085251851517e+03,8.901412563300786264e-19
9.113420248560021719e+03,5.914687462438860180e-19
9.116697411868193740e+03,4.449871870343356932e-19
9.119974575176363942e+03,1.862111229837015507e-19
9.123251738484534144e+03,5.776591168667143924e-19
9.126528901792706165e+03,1.694474162910681445e-18
9.129806065100876367e+03,2.079427873953564410e-18
9.133083228409055664e+03,7.548540731589910159e-19
9.136360391717229504e+03,7.184873629996270732e-19
9.139637555025399706e+03,4.276800756892235031e-19
9.142914718333571727e+03,2.775417341226516430e-19
9.146191881641741929e+03,2.040439765955785696e-19
9.149469044949912131e+03,3.585136095559147182e-19
9.152746208258084152e+03,5.335638549111398493e-19
9.156023371566254355e+03,9.865169180471523218e-19
9.159300534874424557e+03,9.051344236280900838e-19
9.162577698182607492e+03,2.605727104349869907e-19
9.165854861490777694e+03,4.091839447279399700e-19
9.169132024798947896e+03,-1.081833039713409584e-19
9.172409188107119917e+03,-3.399392068954208873e-20
9.175686351415290119e+03,9.188725616545383136e-19
9.178963514723462140e+03,6.233799108227826793e-19
9.182240678031632342e+03,-4.144281296351999981e-19
9.185517841339802544e+03,-3.753680149290265339e-19
9.188795004647974565e+03,2.179500984916961128e-19
9.192072167956144767e+03,-4.040796572223896497e-20
9.195349331264325883e+03,1.280612826724306693e-22
9.198626494572497904e+03,7.143548273519141742e-20
9.201903657880668106e+03,-8.635714122431725425e-20
9.205180821188840127e+03,2.659096832561052800e-19
9.208457984497010330e+03,2.787777380031146157e-19
9.211735147805180532e+03,1.673196937236193950e-18
9.215012311113352553e+03,5.060276299925509465e-18
9.218289474421522755e+03,4.471183697190678505e-18
9.221566637729692957e+03,3.838609085680503922e-19
9.224843801037875892e+03,3.187540390642741701e-19
9.228120964346046094e+03,1.379997143351468677e-18
9.231398127654216296e+03,5.195298698097698542e-19
9.234675290962388317e+03,1.158361519539741858e-18
9.237952454270558519e+03,5.557591007645888682e-19
9.241229617578730540e+03,4.690289406480475666e-19
9.244506780886900742e+03,3.916964947324522547e-19
9.247783944195070944e+03,-1.741474880496329784e-19
9.251061107503253879e+03,-3.444593674711826566e-19
9.254338270811424081e+03,8.739076022580005709e-19
9.257615434119594283e+03,1.656876011340111716e-19
9.260892597427766304e+03,9.147840462285364083e-20
9.264169760735936507e+03,7.304409382816115375e-19
9.267446924044106709e+03,4.458871499304180834e-19
9.270724087352278730e+03,2.851133004755411135e-19
9.274001250660448932e+03,-5.775025585732989645e-19
9.277278413968620953e+03,1.163107089962407383e-18
9.280555577276802069e+03,4.581595802954156128e-18
9.283832740584972271e+03,3.397783718041682253e-21
9.287109903893144292e+03,2.630976429804599033e-18
9.290387067201314494e+03,7.782844038626141468e-19
9.293664230509484696e+03,-5.523060886848938991e-20
9.296941393817656717e+03,5.125146290358815837e-19
9.300218557125826919e+03,2.199478282720529448e-19
9.303495720434000759e+03,4.400497870881193781e-19
9.306772883742170961e+03,7.971455946736068749e-19
9.310050047050350258e+03,-2.455462690129021936e-19
9.313327210358513184e+03,-1.291683791364239795e-18
9.316604373666692481e+03,-2.119848194177962603e-19
9.319881536974862684e+03,5.520633819443437051e-19
9.323158700283034705e+03,6.437103854555202179e-20
9.326435863591206726e+03,-1.146763867906025405e-19
9.329713026899376928e+03,-7.697872572686062717e-19
9.332990190207548949e+03,-4.206428917415248852e-19
9.336267353515728246e+03,6.302514173486813047e-19
9.339544516823900267e+03,6.500668446005880874e-19
9.342821680132070469e+03,1.320060337464533747e-18
9.346098843440240671e+03,2.748189047188545122e-18
9.349376006748412692e+03,2.445202777917519445e-18
9.352653170056584713e+03,-1.491527834293115297e-19
9.355930333364754915e+03,9.615131955042174859e-19
9.359207496672926936e+03,1.481597242752928103e-18
9.362484659981097138e+03,2.450309503564123217e-18
9.365761823289269159e+03,1.216394291341156351e-18
9.369038986597448456e+03,1.556938860082450833e-18
9.372316149905618659e+03,1.296022834699723592e-18
9.375593313213792499e+03,6.952468807098512124e-19
9.378870476521962701e+03,1.373721580536405599e-18
9.382147639830132903e+03,5.555894765489270486e-18
9.385424803138304924e+03,1.498032053639484930e-18
9.388701966446475126e+03,-1.720618390968322934e-18
9.391979129754645328e+03,-2.444270452889529035e-18
9.395256293062826444e+03,-5.295394316717216829e-19
9.398533456370998465e+03,4.585795817051517993e-19
9.401810619679168667e+03,1.308476392171162082e-18
9.405087782987340688e+03,1.429981031041465472e-18
9.408364946295510890e+03,1.323235750103898809e-18
9.411642109603682911e+03,9.737820066111600352e-19
9.414919272911853113e+03,3.231053608943830299e-19
9.418196436220023315e+03,1.961184095939199199e-19
9.421473599528195336e+03,1.409244473975681750e-18
9.424750762836365539e+03,1.610325327854886542e-19
9.428027926144546655e+03,-7.157594340131414303e-19
9.431305089452707762e+03,-9.374289436742093341e-19
9.434582252760888878e+03,-8.111618816339157615e-19
9.437859416069060899e+03,-3.534775753638521888e-19
9.441136579377231101e+03,7.914730843752202173e-19
9.444413742685401303e+03,8.352909356392953235e-19
9.447690905993573324e+03,4.017462450312478375e-19
9.450968069301743526e+03,4.864557403526381792e-19
9.454245232609913728e+03,1.131502895614117060e-18
9.457522395918096663e+03,1.365538609333490505e-18
9.460799559226266865e+03,1.223112678750238850e-18
9.464076722534437067e+03,5.812360953375762048e-19
9.467353885842609088e+03,-1.206835905820873342e-19
9.470631049150779290e+03,1.062764603751253416e-18
9.473908212458951311e+03,1.243004572573028829e-19
9.477185375767121513e+03,-3.508653385782011509e-19
9.480462539075291716e+03,1.065649251865173372e-18
9.483739702383463737e+03,4.411343411062429795e-19
9.487016865691644853e+03,4.288710096825797542e-19
9.490294028999815055e+03,2.920803386212989549e-19
9.493571192307987076e+03,-5.142612766252802260e-19
9.496848355616157278e+03,5.740099490317868725e-19
9.500125518924329299e+03,-4.445614327021588460e-20
9.503402682232499501e+03,5.921441963925100609e-19
9.506679845540669703e+03,7.199531328152110777e-19
9.509957008848841724e+03,5.929130900468213750e-19
9.513234172157022840e+03,8.208297879957346328e-19
9.516511335465182128e+03,5.517556871478143275e-19
9.519788498773355968e+03,-1.689472447756271834e-20
# Performed corrections: extinction 0.239, redshift 0.009313, lines 0, flux test
