WAVE,FLUX,ERR,SKYBACK
14997.138,4.795273E-18,4.6507646E-19,1.1857549E-17
15007.316,3.4626883E-18,4.1273647E-19,1.565888E-17
15017.495,-6.007113E-19,6.0069934E-19,2.9432072E-17
15027.674,3.5898977E-18,8.721422E-19,5.450076E-17
15037.853,1.8505565E-18,1.0849761E-18,7.07193E-17
15048.031,4.6028817E-18,1.1091948E-18,6.5890706E-17
15058.21,8.552678E-18,1.0985027E-18,5.1224827E-17
15068.389,1.2440699E-17,1.2653287E-18,3.4064667E-17
15078.567,5.8579322E-18,8.521401E-19,2.450003E-17
15088.746,2.8972927E-18,6.841376E-19,1.6172625E-17
15098.925,3.6471233E-18,4.814288E-19,1.2494952E-17
15109.104,3.6973245E-18,4.628514E-19,1.118807E-17
15119.282,6.8546278E-18,4.736707E-19,9.232262E-18
15129.461,2.953396E-18,4.5022707E-19,1.0094691E-17
15139.64,1.1629223E-18,3.7989697E-19,9.563779E-18
15149.818,7.399457E-18,4.8114025E-19,1.24286335E-17
15159.998,6.084135E-18,5.626873E-19,1.6676307E-17
15170.177,6.752685E-19,6.510456E-19,1.8788159E-17
15180.355,6.7619897E-18,6.508975E-19,1.6384665E-17
15190.534,2.4753082E-18,5.4599023E-19,1.4635363E-17
15200.713,1.8232279E-18,5.208522E-19,1.900392E-17
15210.892,8.2043446E-18,8.43529E-19,3.267061E-17
15221.07,2.7475067E-18,8.769077E-19,4.0735836E-17
15231.249,-7.8219326E-19,1.0638675E-18,4.185913E-17
15241.428,6.8829736E-18,1.0499326E-18,3.0714523E-17
15251.606,9.017926E-18,8.725655E-19,2.1849997E-17
15261.785,1.9818751E-18,7.34455E-19,2.2343234E-17
15271.964,2.8830326E-18,7.8543767E-19,2.176147E-17
15282.143,2.7375242E-20,8.898024E-19,2.1546306E-17
15292.321,-1.8870593E-18,8.945461E-19,2.2502127E-17
15302.5,-2.6602356E-18,8.659241E-19,3.5475325E-17
15312.679,8.015698E-18,1.1380781E-18,4.4449946E-17
15322.858,1.1297346E-17,1.2659075E-18,4.014446E-17
15333.037,9.299292E-18,1.045479E-18,3.1399578E-17
15343.216,3.2244263E-18,8.4717915E-19,1.828515E-17
15353.395,-1.413782E-19,5.3676763E-19,1.5170736E-17
15363.573,4.2243572E-18,6.390436E-19,1.9198915E-17
15373.752,-1.5222768E-18,7.992907E-19,2.1286181E-17
15383.931,6.4852838E-18,7.9004754E-19,2.2114603E-17
15394.109,-5.6830886E-19,9.705946E-19,2.5305065E-17
15404.288,1.0106601E-17,1.2498918E-18,2.9039406E-17
15414.467,1.7276178E-17,1.2343056E-18,3.1962054E-17
15424.6455,9.47226E-18,1.1513285E-18,2.9212568E-17
15434.824,8.029204E-18,9.33063E-19,2.1414267E-17
15445.003,7.842001E-18,7.869479E-19,1.5026247E-17
15455.182,5.975072E-18,6.6811776E-19,1.2314422E-17
15465.36,1.7370342E-18,5.948519E-19,1.1271193E-17
15475.539,-1.088645E-18,5.1152296E-19,1.4668723E-17
15485.719,4.7830433E-18,7.101025E-19,1.793148E-17
15495.897,2.481519E-18,7.799203E-19,1.9841611E-17
15506.076,4.278018E-18,8.3372237E-19,2.5175308E-17
15516.255,2.9951056E-18,8.884229E-19,2.7298371E-17
15526.434,4.939992E-18,9.640863E-19,2.7694202E-17
15536.612,-3.9838008E-19,9.026308E-19,2.8190884E-17
15546.791,4.027761E-18,8.823611E-19,2.1831065E-17
15556.97,3.619663E-18,9.118325E-19,1.8712113E-17
15567.148,2.8357433E-18,7.6866555E-19,2.1360073E-17
15577.327,5.6065103E-18,8.822473E-19,2.5356572E-17
15587.506,8.691791E-18,9.150939E-19,2.529021E-17
15597.685,3.5114615E-18,8.656763E-19,2.3460056E-17
15607.863,9.015356E-18,9.380883E-19,2.1420886E-17
15618.042,4.3458824E-18,9.085723E-19,2.8895447E-17
15628.221,7.5765153E-19,1.2124927E-18,3.3357395E-17
15638.399,6.5910603E-18,1.0824777E-18,3.40455E-17
15648.578,4.309315E-18,1.0078084E-18,3.0874583E-17
15658.758,6.765136E-18,9.256651E-19,2.1687283E-17
15668.937,6.677146E-18,7.7366746E-19,1.572354E-17
15679.115,1.9318164E-18,6.034553E-19,1.7186312E-17
15689.294,4.8270547E-18,6.665064E-19,1.5851601E-17
15699.473,2.9550254E-18,7.3326935E-19,1.488365E-17
15709.651,-1.4659053E-18,6.5428875E-19,1.32611E-17
15719.83,-6.147779E-20,5.0363874E-19,1.2171091E-17
15730.009,4.587968E-18,6.624319E-19,9.901812E-18
15740.1875,7.018734E-18,6.5463963E-19,1.0015262E-17
15750.366,-4.5762697E-19,4.2254208E-19,1.268931E-17
15760.545,7.6871474E-18,6.643949E-19,1.2854414E-17
15770.724,6.2773823E-18,7.2526353E-19,1.230613E-17
15780.902,2.4383045E-18,6.213139E-19,1.4296919E-17
15791.081,4.627529E-18,7.048038E-19,2.2565016E-17
15801.26,-4.6233387E-18,1.1846504E-18,4.3772995E-17
15811.438,3.3038071E-18,1.3340439E-18,6.74403E-17
15821.618,9.868704E-18,1.574276E-18,8.1185124E-17
15831.797,1.121197E-17,1.8074988E-18,7.376004E-17
15841.976,9.080956E-18,1.4107112E-18,4.7447576E-17
15852.154,-3.9200144E-20,1.3551904E-18,2.8317357E-17
15862.333,-2.5709152E-18,9.483448E-19,2.139272E-17
15872.512,2.2474102E-18,7.341587E-19,1.7995098E-17
15882.69,7.906888E-18,8.3639515E-19,1.32293245E-17
15892.869,4.0955842E-18,6.1249043E-19,1.2667626E-17
15903.048,6.552064E-18,5.6490356E-19,1.0986902E-17
15913.227,4.331388E-18,5.220661E-19,8.9007976E-18
15923.405,1.3328931E-18,4.331232E-19,8.4839465E-18
15933.584,2.2957193E-19,3.6114848E-19,1.0714714E-17
15943.763,2.9558305E-18,5.9955545E-19,1.4658952E-17
15953.941,7.909057E-18,8.2835247E-19,1.788459E-17
15964.12,2.227984E-18,7.0474253E-19,1.8197666E-17
15974.299,5.66945E-18,8.0094524E-19,1.5828793E-17
15984.479,2.0101672E-18,5.897605E-19,1.3781322E-17
15994.657,3.9470637E-19,7.659885E-19,2.3427323E-17
16004.836,6.3955335E-19,9.673787E-19,4.0547993E-17
16015.015,-9.770554E-19,1.1390584E-18,4.6886864E-17
16025.193,3.3878565E-18,1.2099334E-18,4.3124105E-17
16035.372,1.2499112E-17,1.1609534E-18,3.169357E-17
16045.551,8.412466E-18,1.0172141E-18,2.5806088E-17
16055.7295,4.5953092E-18,8.399773E-19,2.5428048E-17
16065.908,8.167919E-18,9.209277E-19,2.4122054E-17
16076.087,4.186081E-18,8.910879E-19,2.242996E-17
16086.266,-3.971175E-18,8.861633E-19,2.016186E-17
16096.444,5.7167424E-18,9.101951E-19,2.985055E-17
16106.623,5.9280097E-18,1.197565E-18,5.1490352E-17
16116.802,-2.0418358E-18,1.428199E-18,5.563427E-17
16126.98,8.594875E-18,1.2507761E-18,4.3476057E-17
16137.159,1.8196894E-18,1.1952461E-18,2.3248335E-17
16147.339,1.7334592E-19,5.9211243E-19,1.4940817E-17
16157.518,2.9889613E-18,5.3034277E-19,1.388548E-17
16167.696,5.5061695E-18,6.9966736E-19,1.837898E-17
16177.875,-5.039275E-19,8.294388E-19,2.1018777E-17
16188.054,6.1892433E-18,7.995951E-19,2.3298162E-17
16198.232,-3.19858E-19,7.4994733E-19,2.7737254E-17
16208.411,7.185452E-19,8.710361E-19,3.7222873E-17
16218.59,2.019918E-19,1.3220531E-18,3.977051E-17
16228.769,1.1255373E-17,1.7727781E-18,3.590956E-17
16238.947,5.8337483E-18,1.6025919E-18,2.6060926E-17
16249.126,9.063664E-18,1.2848527E-18,1.7650423E-17
16259.305,9.6558456E-18,1.272247E-18,1.1806229E-17
16269.483,5.4188478E-18,1.3590636E-18,1.1175783E-17
16279.662,7.867409E-18,7.208253E-19,1.1567137E-17
16289.841,3.3075156E-18,1.0652041E-18,1.5448007E-17
16300.02,2.3060369E-18,8.857728E-19,1.956717E-17
16310.199,9.974588E-18,1.7341209E-18,1.9303151E-17
16320.378,2.987977E-18,1.0950091E-18,2.4673664E-17
16330.557,-4.560348E-19,8.6020606E-19,2.870552E-17
16340.735,6.5228597E-18,9.4505E-19,3.1013314E-17
16350.914,5.2543803E-18,9.619435E-19,2.7294581E-17
16361.093,6.988696E-18,8.352393E-19,2.1667167E-17
16371.271,7.8154215E-20,6.8865583E-19,2.1657256E-17
16381.45,9.766929E-18,9.09998E-19,2.1691566E-17
16391.629,1.5627617E-19,7.0640614E-19,1.8938975E-17
16401.809,1.621227E-18,7.9292887E-19,1.7530156E-17
16411.986,1.8306824E-18,6.5151247E-19,2.2835153E-17
16422.166,2.3804746E-18,8.4558414E-19,2.7072614E-17
16432.344,-4.603873E-21,8.068795E-19,2.7080403E-17
16442.523,2.1481628E-18,1.0063882E-18,2.9295703E-17
16452.701,7.050253E-18,8.937015E-19,2.5808705E-17
16462.88,3.958283E-18,8.554786E-19,2.699503E-17
16473.059,-2.8406489E-19,8.5588605E-19,3.4117028E-17
16483.238,4.1723872E-19,1.1957493E-18,3.0382334E-17
16493.416,4.885419E-18,9.150566E-19,2.8145955E-17
16503.596,1.5864954E-18,7.443397E-19,2.116637E-17
16513.773,5.602822E-18,7.849497E-19,1.4958246E-17
16523.953,5.2468695E-18,5.7068674E-19,1.6057271E-17
16534.13,4.1949724E-18,5.88902E-19,1.5496868E-17
16544.31,1.4483978E-18,5.708089E-19,1.553854E-17
16554.488,3.981696E-18,6.119442E-19,1.3671788E-17
16564.668,3.9794377E-18,4.9788895E-19,1.0117773E-17
16574.848,1.7123465E-18,4.2164278E-19,1.0393872E-17
16585.025,5.2635124E-18,4.6912215E-19,1.0566264E-17
16595.205,3.9679804E-18,5.046274E-19,9.459252E-18
16605.383,2.8676044E-18,4.3579096E-19,9.205065E-18
16615.562,2.2050733E-18,4.2075255E-19,8.89244E-18
16625.74,3.1522418E-18,4.6983683E-19,8.4824146E-18
16635.92,6.0111335E-18,4.432983E-19,8.920463E-18
16646.098,6.0497037E-18,4.352473E-19,1.2076406E-17
16656.277,2.97825E-18,5.752541E-19,2.6002801E-17
16666.455,6.97225E-18,9.859233E-19,4.846298E-17
16676.635,2.169244E-18,1.1921962E-18,6.8560786E-17
16686.812,1.3463877E-17,1.4728661E-18,7.592959E-17
16696.992,7.436736E-18,1.3167965E-18,5.86331E-17
16707.17,-1.350082E-18,1.0570611E-18,4.088734E-17
16717.35,3.7942316E-18,8.425656E-19,2.7838585E-17
16727.53,9.369073E-20,6.469015E-19,1.8305634E-17
16737.707,3.7956204E-18,6.158582E-19,1.5035913E-17
16747.887,5.8907634E-18,5.4114523E-19,1.1362048E-17
16758.064,2.7650348E-18,4.544796E-19,1.1655691E-17
16768.244,6.3054766E-18,4.621813E-19,9.625906E-18
16778.422,6.295332E-18,3.998485E-19,8.407051E-18
16788.602,5.1981026E-18,4.1899916E-19,8.352597E-18
16798.78,5.295388E-18,3.636679E-19,8.266288E-18
16808.959,2.8558677E-18,3.7931184E-19,1.0636817E-17
16819.137,4.8299804E-18,5.2028487E-19,1.4461589E-17
16829.316,4.17835E-18,6.081466E-19,1.5024225E-17
16839.494,2.8554236E-19,4.8130605E-19,1.3473001E-17
16849.674,3.7428368E-18,4.6595637E-19,1.1935294E-17
16859.852,4.3596682E-18,5.221747E-19,1.3187115E-17
16870.031,4.421126E-18,5.7530717E-19,2.4606314E-17
16880.209,8.427093E-18,1.0825596E-18,4.1951563E-17
16890.389,6.5856543E-18,1.0301638E-18,4.68202E-17
16900.568,8.582617E-18,1.0669806E-18,4.2921783E-17
16910.746,1.0255322E-17,1.1410584E-18,2.6005887E-17
16920.926,2.7245135E-18,7.42753E-19,1.9936393E-17
16931.104,-3.2987258E-18,8.585315E-19,2.3701833E-17
16941.283,3.2032484E-19,6.6291764E-19,2.2894935E-17
16951.46,3.9888504E-20,7.3476365E-19,2.091905E-17
16961.64,5.312699E-18,6.811443E-19,1.8342214E-17
16971.818,6.1711193E-18,6.8036924E-19,2.0704038E-17
16981.998,5.8912788E-18,8.5718695E-19,3.880053E-17
16992.176,5.4165553E-18,1.0590287E-18,4.9445406E-17
17002.355,2.8519601E-18,1.0524059E-18,4.8703494E-17
17012.533,-9.04018E-19,9.317263E-19,3.3408038E-17
17022.713,-8.8937497E-20,6.878133E-19,1.780452E-17
17032.89,5.171346E-18,6.3136256E-19,1.3463544E-17
17043.07,-1.1784663E-19,4.313817E-19,1.4730982E-17
17053.248,5.256414E-18,6.498575E-19,1.9694229E-17
17063.428,3.5593842E-18,7.0464704E-19,2.3791071E-17
17073.607,2.5106923E-18,7.1257515E-19,2.1198563E-17
17083.785,2.406446E-18,6.817777E-19,2.1915667E-17
17093.965,1.6370891E-18,7.2958566E-19,2.9001273E-17
17104.143,1.0413216E-17,1.0731481E-18,3.7928584E-17
17114.322,2.9556776E-18,9.554471E-19,3.6707777E-17
17124.5,2.1617648E-18,9.280703E-19,3.0796298E-17
17134.68,3.5389678E-18,7.4202273E-19,1.5632827E-17
17144.857,1.7062963E-18,5.0618976E-19,1.2221534E-17
17155.037,1.054126E-18,4.6151855E-19,1.1018602E-17
17165.215,7.8903363E-19,4.3514245E-19,1.1200607E-17
17175.395,4.736387E-18,4.9270905E-19,1.2924611E-17
17185.572,4.811073E-18,5.9547145E-19,1.5217265E-17
17195.752,-7.003506E-19,6.3625843E-19,1.7943207E-17
17205.93,3.407543E-18,6.4412627E-19,1.8568567E-17
17216.11,-7.932487E-19,6.7492623E-19,2.0034558E-17
17226.29,-1.2274369E-18,8.0602087E-19,2.4977155E-17
17236.467,8.517417E-18,9.221436E-19,2.5947564E-17
17246.646,2.1215073E-18,8.1517667E-19,2.4662921E-17
17256.824,2.2651305E-19,7.190349E-19,1.8488574E-17
17267.004,6.853841E-18,6.872269E-19,1.5299569E-17
17277.182,1.0600537E-19,7.076396E-19,1.3795227E-17
17287.361,4.11036E-19,7.174461E-19,1.2484121E-17
17297.54,2.5498407E-18,5.7372606E-19,1.4605758E-17
17307.719,4.5621517E-18,6.3669684E-19,1.8442384E-17
17317.896,6.4691674E-18,8.5473793E-19,2.0847274E-17
17328.076,6.3695658E-18,1.051729E-18,2.1266468E-17
17338.254,3.2788186E-18,7.1010374E-19,2.0290008E-17
17348.434,5.6236337E-18,8.24915E-19,2.212868E-17
17358.611,4.603171E-18,8.080963E-19,2.8457845E-17
17368.791,5.4001142E-18,9.042184E-19,2.6427476E-17
17378.969,-3.910683E-19,9.980017E-19,2.6560874E-17
17389.148,2.3052562E-18,8.4891985E-19,2.275591E-17
17399.328,6.8739586E-18,7.7707466E-19,1.8661203E-17
17409.506,4.5044724E-18,8.0768665E-19,1.8805639E-17
17419.686,5.3895263E-18,8.2614447E-19,2.370567E-17
17429.863,1.0785751E-17,1.0709789E-18,2.8789995E-17
17440.043,5.5754095E-18,8.854579E-19,2.5935176E-17
17450.22,1.4487719E-18,9.654818E-19,2.2616008E-17
17460.4,1.1408538E-17,8.860728E-19,1.345092E-17
17470.578,1.3646916E-18,6.479443E-19,1.28620745E-17
17480.758,7.774614E-18,6.3451195E-19,1.4749171E-17
17490.936,3.4971922E-18,5.955335E-19,1.5526329E-17
17501.115,2.0499628E-18,6.119855E-19,1.5090307E-17
17511.293,2.595814E-18,5.9110895E-19,1.446139E-17
17521.473,8.47043E-18,6.925441E-19,1.0594423E-17
17531.65,1.6463179E-19,5.4694407E-19,1.0413163E-17
17541.83,4.449831E-18,4.2508907E-19,9.04327E-18
17552.01,2.4801966E-18,4.3180888E-19,7.903952E-18
17562.188,3.3501836E-18,3.769472E-19,7.12542E-18
17572.367,2.9340574E-18,3.325969E-19,7.113362E-18
17582.545,3.5825395E-18,3.6658215E-19,7.660811E-18
17592.725,1.9116152E-18,4.1682272E-19,7.712373E-18
17602.902,3.4892674E-18,3.915322E-19,1.0125163E-17
17613.082,-8.766689E-20,5.401605E-19,1.6366392E-17
17623.26,5.1347998E-18,8.76242E-19,3.6134386E-17
17633.44,1.02061764E-19,1.1357049E-18,5.7379785E-17
17643.617,-1.4014265E-18,1.6011021E-18,6.909125E-17
17653.797,1.0096085E-17,1.6715208E-18,6.6535146E-17
17663.975,1.0782956E-18,1.2511048E-18,4.529104E-17
17674.154,8.916934E-18,1.0301836E-18,2.7918338E-17
17684.332,2.9811502E-18,8.0379963E-19,2.0333444E-17
17694.512,-1.053806E-18,5.91826E-19,1.5544717E-17
17704.69,2.9552018E-18,5.492129E-19,1.1667286E-17
17714.87,1.9396345E-18,5.4060456E-19,1.0526279E-17
17725.049,1.7101689E-18,5.33691E-19,1.0133476E-17
17735.227,3.9185547E-18,5.6567103E-19,9.219466E-18
17745.406,3.094995E-18,4.9663164E-19,9.5170786E-18
17755.584,1.6742134E-18,5.972765E-19,9.79304E-18
17765.764,7.974608E-18,5.1128535E-19,9.328835E-18
17775.941,1.0707575E-18,3.5597622E-19,9.345816E-18
17786.121,6.311524E-18,5.3408715E-19,1.1426378E-17
17796.299,1.965642E-18,6.587564E-19,1.25414296E-17
17806.479,4.281546E-18,5.0975884E-19,1.3737871E-17
17816.656,3.4372255E-19,5.0803675E-19,1.25872785E-17
17826.836,1.0282757E-17,6.8286003E-19,1.2043954E-17
17837.014,5.1341876E-18,5.5387967E-19,1.5542801E-17
17847.193,0.0,-2.5939012E-20,2.3061605E-17
17857.371,8.6734445E-18,1.1575135E-18,4.59506E-17
17867.55,3.1792E-18,1.1392E-18,4.276324E-17
17877.729,4.574017E-19,1.4677339E-18,3.8063642E-17
17887.908,1.0773463E-17,1.2424432E-18,2.5378032E-17
17898.088,1.561621E-18,6.602115E-19,1.5011507E-17
17908.266,1.9328258E-18,4.2221858E-19,1.2867639E-17
17918.445,1.2771563E-18,3.9466377E-19,1.0604132E-17
17928.623,2.065172E-18,3.4352178E-19,9.695459E-18
17938.803,4.4761224E-18,3.815773E-19,1.0556292E-17
17948.98,3.6193056E-18,4.657889E-19,1.213595E-17
17959.16,5.435774E-18,6.6523183E-19,2.3088775E-17
17969.338,-4.9570287E-18,1.0658128E-18,4.257736E-17
17979.518,-1.0975596E-18,1.4587041E-18,5.556475E-17
17989.695,7.343889E-18,1.7562372E-18,6.50188E-17
17999.875,1.2027459E-17,2.3081762E-18,5.4289875E-17
18010.053,1.2625096E-17,1.4502068E-18,2.9452292E-17
18020.232,3.8558507E-19,8.385656E-19,2.3413925E-17
18030.41,5.183446E-19,6.110857E-19,1.9276824E-17
18040.59,1.2344404E-18,7.550623E-19,2.1310322E-17
18050.77,3.306229E-18,9.227082E-19,2.6523957E-17
18060.947,2.0066773E-18,9.651283E-19,2.5621015E-17
18071.127,2.410158E-18,9.136771E-19,2.2127821E-17
18081.305,-1.2881504E-18,6.610372E-19,2.1961137E-17
18091.484,4.084412E-18,1.1435497E-18,3.7249836E-17
18101.662,-4.3397224E-18,2.9017283E-18,5.700763E-17
18111.842,6.1056616E-18,1.7644765E-18,5.997309E-17
18122.02,2.2108368E-18,1.5544943E-18,4.522255E-17
18132.2,1.6180606E-18,1.0165787E-18,2.5328512E-17
18142.377,0.0,-5.251225E-20,2.2554678E-17
18152.557,4.5235617E-18,7.727254E-19,1.9609807E-17
18162.734,1.4183599E-18,8.856756E-19,1.5644267E-17
18172.914,1.0371212E-18,5.109225E-19,1.7105966E-17
18183.092,-5.530292E-19,3.0684495E-19,2.1003658E-17
18193.271,5.9846344E-18,8.610902E-19,2.7500895E-17
18203.45,7.946888E-18,1.8872643E-18,4.0541948E-17
18213.629,5.0376937E-18,1.1068203E-18,3.3241798E-17
18223.809,9.6612975E-18,9.31058E-19,2.7832374E-17
18233.986,8.890632E-19,5.344739E-19,2.4165802E-17
18244.166,7.97485E-18,1.207092E-18,3.0584593E-17
18254.344,9.833073E-19,1.070561E-18,3.6331615E-17
18264.523,-8.484983E-19,1.7680744E-18,3.8416696E-17
18274.701,6.2920403E-18,9.563731E-19,4.512235E-17
18284.88,-6.5513623E-18,2.8480782E-18,4.7671607E-17
18295.059,0.0,-1.6809968E-19,6.134023E-17
18305.238,3.0814875E-18,2.8257276E-18,5.950079E-17
18315.416,1.351249E-17,1.890606E-18,5.0982506E-17
18325.596,7.227291E-18,1.0640332E-18,4.783974E-17
18335.773,0.0,-1.8484951E-19,6.558701E-17
18345.953,0.0,-2.394863E-19,8.8122045E-17
18356.13,-2.3971625E-17,6.6442617E-18,1.6495317E-16
18366.31,1.7779768E-17,3.0613692E-18,1.6429502E-16
18376.49,2.8012614E-17,6.3760132E-18,1.3852156E-16
18386.668,-9.857328E-18,2.9512553E-18,1.6005916E-16
18396.848,2.6774513E-17,3.070241E-18,1.7727175E-16
18407.025,0.0,-4.310377E-19,1.5480966E-16
18417.205,3.9556832E-17,2.3587504E-18,9.68918E-17
18427.383,2.0548004E-17,1.4853422E-18,5.589832E-17
18437.562,0.0,-1.2251927E-19,5.3187124E-17
18447.74,9.6309995E-18,2.4922598E-18,5.966292E-17
18457.92,4.952351E-17,2.9538973E-18,9.7399564E-17
18468.098,-7.124821E-18,6.819697E-18,1.3577703E-16
18478.277,4.3169362E-17,6.8812626E-18,1.259093E-16
18488.455,0.0,-2.766222E-19,1.0590633E-16
18498.635,3.507967E-18,1.3630686E-18,7.2077944E-17
18508.812,6.8372657E-18,1.192375E-18,6.702809E-17
18518.992,3.5787614E-18,1.4793297E-18,8.520793E-17
18529.17,9.694728E-18,1.2387887E-18,1.1189841E-16
18539.35,1.2667053E-18,1.5642571E-18,9.37618E-17
18549.53,-1.3859389E-18,1.8138536E-18,1.0191319E-16
18559.707,-1.7452101E-17,5.729976E-18,1.05398745E-16
18569.887,1.6613438E-17,2.2635061E-18,9.8592173E-17
18580.064,5.966584E-18,1.6062425E-18,1.1363025E-16
18590.244,3.1708665E-17,3.2963288E-18,1.2157455E-16
18600.422,1.1232451E-17,1.5389589E-18,6.903619E-17
18610.602,2.6327217E-17,2.0168283E-18,4.691473E-17
18620.78,1.02029825E-17,7.6921474E-19,5.0761225E-17
18630.959,2.027047E-17,1.6690724E-18,6.1425956E-17
18641.137,4.8187212E-18,8.3029717E-19,5.4150403E-17
18651.316,0.0,-1.2516309E-19,4.860177E-17
18661.494,-1.3945208E-18,1.0320978E-18,6.0664586E-17
18671.674,1.707178E-17,1.9396103E-18,8.154072E-17
18681.852,5.821796E-17,8.704304E-18,1.4252088E-16
18692.031,-1.0398756E-17,4.2721087E-18,2.3714876E-16
18702.209,3.2034293E-17,4.791832E-18,3.3827195E-16
18712.389,7.999728E-17,2.0711352E-17,3.7332562E-16
18722.568,1.0389392E-16,1.0762375E-17,3.3053335E-16
18732.746,0.0,-8.4726766E-19,3.9582758E-16
18742.926,7.91398E-17,1.8448834E-17,3.2574158E-16
18753.104,8.062926E-17,6.770439E-18,2.4436273E-16
18763.283,3.197742E-17,2.0088464E-18,1.3875137E-16
18773.46,1.453954E-17,2.0037691E-18,7.9198567E-17
18783.64,1.3338852E-17,1.4569202E-18,5.297845E-17
18793.818,6.4554184E-18,1.1147759E-18,5.653344E-17
18803.998,2.4289596E-18,1.0670163E-18,5.420623E-17
18814.176,1.032627E-18,5.899819E-19,4.283617E-17
18824.355,2.253574E-19,4.8322956E-19,4.6057056E-17
18834.533,1.10432905E-17,8.5595383E-19,5.717693E-17
18844.713,1.5353184E-17,9.230895E-19,5.161954E-17
18854.89,6.6397416E-18,1.0901523E-18,4.026988E-17
18865.07,4.932774E-18,6.176006E-19,3.294362E-17
18875.25,8.311761E-18,6.4668536E-19,3.092019E-17
18885.428,4.3948346E-18,4.870903E-19,3.9707485E-17
18895.607,1.2157682E-18,6.6373226E-19,5.734046E-17
18905.785,5.7645224E-18,1.6038986E-18,7.5578335E-17
18915.965,1.3692145E-17,2.506139E-18,9.060027E-17
18926.143,-1.8431396E-18,1.0183678E-18,6.8980715E-17
18936.322,1.0173056E-18,1.0065322E-18,4.3964388E-17
18946.5,1.1237892E-18,3.3265759E-19,3.34622E-17
18956.68,4.2065075E-18,4.682897E-19,3.9391846E-17
18966.857,2.133022E-17,1.5580808E-18,5.828918E-17
18977.037,-2.587516E-18,1.8932857E-18,9.5721625E-17
18987.215,8.773916E-18,2.148541E-18,1.4687509E-16
18997.395,0.0,-2.895505E-19,1.5500948E-16
19007.572,0.0,-2.5099053E-19,1.350799E-16
19017.752,0.0,-2.5682808E-19,1.3276361E-16
19027.93,9.84227E-18,2.9154762E-18,1.3752845E-16
19038.11,3.4572206E-17,2.8253965E-18,1.6578308E-16
19048.29,4.4680177E-17,2.342841E-18,1.8947751E-16
19058.467,4.1406337E-18,1.250316E-18,1.1651863E-16
19068.646,-1.1351812E-18,8.750086E-19,6.65666E-17
19078.824,3.95412E-18,6.4205563E-19,5.749935E-17
19089.004,-1.0608224E-18,8.108045E-19,6.115164E-17
19099.182,0.0,-1.40461E-19,7.406142E-17
19109.361,2.3568273E-17,1.865763E-18,9.8607784E-17
19119.54,3.1046616E-17,1.925592E-18,1.3107376E-16
19129.719,2.9387415E-18,4.778014E-18,1.1993269E-16
19139.896,8.072203E-18,8.569031E-19,8.9984333E-17
19150.076,2.1322247E-18,5.839535E-19,7.04931E-17
19160.254,7.894115E-18,1.2958722E-18,5.421419E-17
19170.434,3.4081851E-18,6.071854E-19,3.6325964E-17
19180.611,8.452309E-18,5.0700547E-19,4.0903972E-17
19190.791,9.717098E-18,8.730599E-19,5.403795E-17
19200.969,1.7741873E-17,1.4407138E-18,5.868606E-17
19211.148,9.896979E-18,8.0287763E-19,4.5340985E-17
19221.328,6.1953636E-18,9.451379E-19,5.702294E-17
19231.506,1.313593E-18,1.5945485E-18,7.052195E-17
19241.686,6.2286766E-18,1.2956496E-18,6.141844E-17
19251.863,-4.5614598E-18,1.5637594E-18,5.595429E-17
19262.043,9.6475365E-18,1.3629324E-18,5.3343617E-17
19272.22,-5.060965E-19,5.5451417E-19,4.8986006E-17
19282.4,2.921168E-18,1.1249138E-18,3.9773458E-17
19292.578,8.810894E-19,5.054519E-19,4.6853505E-17
19302.758,7.109651E-18,1.0461325E-18,4.429527E-17
19312.936,1.6673499E-18,6.950014E-19,3.838094E-17
19323.115,-1.7002404E-18,8.0239554E-19,3.7585515E-17
19333.293,1.6235724E-19,7.215112E-19,4.007374E-17
19343.473,3.7531637E-18,7.9364625E-19,3.6244166E-17
19353.65,3.096672E-18,7.9350397E-19,3.7108887E-17
19363.83,1.3151515E-18,7.7376356E-19,3.4764148E-17
19374.01,8.351761E-18,8.4040883E-19,3.5426203E-17
19384.188,1.0886657E-18,3.3026122E-19,3.6627763E-17
19394.367,5.5187955E-19,2.89937E-19,3.2966645E-17
19404.545,8.999843E-18,6.633512E-19,2.7054937E-17
19414.725,4.8208483E-18,3.7957672E-19,2.5156372E-17
19424.902,-2.0079627E-19,1.8317044E-19,2.4074427E-17
19435.082,1.9742334E-18,4.4801343E-19,2.6581882E-17
19445.26,2.3894113E-18,1.9084926E-19,2.5861805E-17
19455.44,1.7275895E-18,3.2760173E-19,2.5281374E-17
19465.617,5.028113E-18,3.5818637E-19,2.6532283E-17
19475.797,6.7943544E-18,5.0071915E-19,2.7281118E-17
19485.975,2.5372715E-18,3.1834266E-19,2.956124E-17
19496.154,8.768492E-18,7.158232E-19,3.4529983E-17
19506.332,-1.360921E-18,4.9013424E-19,3.4898052E-17
19516.512,6.245494E-19,5.1757916E-19,3.7120967E-17
19526.69,1.2827258E-19,7.3434194E-19,4.300743E-17
19536.87,3.177738E-18,6.134282E-19,4.5112743E-17
19547.049,4.315749E-18,6.731388E-19,4.947886E-17
19557.227,1.4251313E-17,1.0754175E-18,5.2853625E-17
19567.406,5.9310947E-18,7.9612055E-19,5.0780763E-17
19577.584,7.759416E-18,6.9367516E-19,4.7061713E-17
19587.764,4.7714864E-19,5.6866915E-19,3.7810585E-17
19597.941,5.174282E-18,6.189298E-19,3.6399176E-17
19608.121,5.1314426E-18,6.228149E-19,3.510026E-17
19618.299,7.329629E-19,7.1451153E-19,4.399448E-17
19628.479,1.0429097E-18,8.3485064E-19,4.615068E-17
19638.656,-1.1323882E-18,7.425307E-19,4.1415292E-17
19648.836,3.7430237E-18,6.2974315E-19,3.6374963E-17
19659.014,6.745497E-19,6.135078E-19,3.1700307E-17
19669.193,2.5233537E-18,5.158844E-19,3.1811818E-17
19679.371,2.5944843E-18,6.1563046E-19,3.8330504E-17
19689.55,2.0943473E-18,5.6218193E-19,3.5538362E-17
19699.73,2.4156253E-18,5.3455317E-19,3.3759395E-17
19709.908,7.256671E-18,5.96326E-19,3.1595642E-17
19720.088,-7.643444E-19,5.6915775E-19,3.1639437E-17
19730.266,2.1559584E-18,4.6648054E-19,3.1471575E-17
19740.445,4.4302135E-18,6.45081E-19,3.620712E-17
19750.623,6.5088324E-18,8.003515E-19,3.8033434E-17
19760.803,4.895561E-18,6.5572567E-19,3.5857466E-17
19770.98,3.9206327E-19,5.500534E-19,3.371622E-17
19781.16,2.9640947E-19,4.546163E-19,2.7232544E-17
19791.338,2.4193836E-18,4.4229864E-19,2.3458389E-17
19801.518,4.8078314E-18,3.664935E-19,2.1832273E-17
19811.695,2.685689E-18,3.8778886E-19,2.2897067E-17
19821.875,3.0197572E-19,2.9225036E-19,2.5437465E-17
19832.053,-4.949552E-19,2.9726565E-19,2.508793E-17
19842.232,1.6674695E-18,4.344535E-19,2.3784597E-17
19852.41,5.535299E-18,4.525817E-19,2.3102198E-17
19862.59,2.1093288E-18,3.175271E-19,2.1739491E-17
19872.77,1.8714984E-18,2.6767446E-19,2.1183646E-17
19882.947,3.4664813E-18,2.835024E-19,2.352276E-17
19893.127,5.7203225E-19,2.7841165E-19,2.389795E-17
19903.305,-1.1412351E-18,2.6615973E-19,2.33065E-17
19913.484,1.7258429E-18,3.2986828E-19,2.2774456E-17
19923.662,5.449017E-19,2.7133763E-19,2.3491175E-17
19933.842,4.699555E-18,2.8518972E-19,2.3482642E-17
19944.02,2.5035285E-18,1.9651234E-19,2.4365244E-17
19954.2,2.9751637E-18,2.5439317E-19,2.8306878E-17
19964.377,1.2053977E-18,2.1102004E-19,3.239185E-17
19974.557,-1.3760423E-18,5.2097345E-19,4.405701E-17
19984.734,2.1437887E-19,6.660991E-19,6.849625E-17
19994.914,1.4634881E-18,1.1656215E-18,9.2216814E-17
20005.092,-2.0991925E-18,1.4660761E-18,1.2116805E-16
20015.271,-2.3376773E-18,1.5579586E-18,1.2573029E-16
20025.45,8.939394E-19,1.3114127E-18,1.1963063E-16
20035.629,2.3207053E-18,8.731077E-19,1.121173E-16
20045.809,3.3088023E-18,8.0278845E-19,9.822395E-17
20055.986,9.540107E-19,5.7954916E-19,8.936373E-17
20066.166,1.2862102E-18,4.136722E-19,3.944094E-17
20076.344,8.294649E-19,5.079651E-19,3.2176813E-17
20086.523,1.2419781E-18,5.482492E-19,2.924938E-17
20096.701,3.4511363E-18,3.7215592E-19,3.1335775E-17
20106.88,-7.437014E-20,6.2796755E-19,3.24334E-17
20117.059,3.172916E-18,7.029929E-19,3.5173586E-17
20127.238,6.0325136E-18,4.550588E-19,3.4663887E-17
20137.416,0.0,-4.2686484E-20,3.213103E-17
20147.596,3.641598E-19,1.935557E-19,3.155222E-17
20157.773,-1.2210587E-18,3.8789474E-19,3.4240182E-17
20167.953,-2.0308976E-18,6.7972254E-19,3.377341E-17
20178.13,5.441749E-18,5.874385E-19,3.2933385E-17
20188.31,2.779273E-18,5.5474454E-19,3.0822364E-17
20198.49,7.366556E-18,3.4644914E-19,2.5734141E-17
20208.668,0.0,-2.6224249E-20,2.2807497E-17
20218.848,8.542772E-18,3.126745E-19,1.9307709E-17
20229.025,9.026092E-18,1.5855883E-19,1.847136E-17
20239.205,4.968423E-18,3.3921167E-19,2.0165294E-17
20249.383,2.4386359E-20,4.435746E-19,3.1299065E-17
20259.562,-1.2672527E-18,6.3317243E-19,3.963152E-17
20269.74,5.6954813E-19,6.747916E-19,4.271488E-17
20279.92,1.0579931E-18,5.523666E-19,3.3099076E-17
20290.098,1.7676875E-18,4.3245494E-19,2.4194848E-17
20300.277,1.7231794E-18,4.0316884E-19,1.8643817E-17
20310.455,3.0072275E-18,3.5734849E-19,2.041006E-17
20320.635,3.6341258E-18,4.5685004E-19,2.5956153E-17
20330.812,3.1050185E-18,5.833681E-19,2.7509787E-17
20340.992,2.2995212E-18,4.8931683E-19,2.2560043E-17
20351.17,1.1624991E-18,3.573112E-19,1.8624152E-17
20361.35,-5.360053E-20,2.5040616E-19,1.6559254E-17
20371.53,4.1399663E-19,2.5989162E-19,1.6652782E-17
20381.707,1.2384351E-18,3.6603285E-19,2.5584612E-17
20391.887,-8.404877E-19,6.244305E-19,3.913028E-17
20402.064,1.2674487E-18,7.975507E-19,3.89142E-17
20412.244,2.3759977E-18,7.356038E-19,3.889434E-17
20422.422,9.183555E-18,8.898092E-19,2.9372856E-17
20432.602,7.257935E-18,5.536414E-19,2.0763813E-17
20442.78,5.90798E-19,3.1440507E-19,1.6431543E-17
20452.959,1.1525791E-18,2.377666E-19,1.6189066E-17
20463.137,2.0444443E-18,2.4589647E-19,1.537728E-17
20473.316,2.3905443E-18,3.0556341E-19,1.8782226E-17
20483.494,3.4535742E-18,3.736401E-19,2.244154E-17
20493.674,1.4452062E-18,4.015846E-19,2.541847E-17
20503.852,1.787111E-18,8.0907844E-19,2.5133572E-17
20514.031,-1.6718853E-18,5.0194705E-19,2.5945264E-17
20524.209,2.6297985E-18,4.2934182E-19,2.7871963E-17
20534.389,-7.2529657E-19,4.587794E-19,3.833231E-17
20544.568,-2.291104E-18,8.850653E-19,4.7827894E-17
20554.746,-9.329328E-20,9.026989E-19,5.6710656E-17
20564.926,-6.764664E-19,8.0000256E-19,4.7359796E-17
20575.104,3.0221648E-18,1.0698174E-18,3.1445668E-17
20585.283,6.009784E-18,4.696583E-19,2.1995786E-17
20595.46,3.2786662E-18,2.8794142E-19,1.7840228E-17
20605.64,6.073703E-18,3.855049E-19,1.6945164E-17
20615.818,-1.4803195E-19,1.2908583E-19,1.934924E-17
20625.998,1.526971E-19,1.8104798E-19,1.9696166E-17
20636.176,3.5543085E-19,1.5024288E-19,1.9272997E-17
20646.355,3.95149E-18,2.788647E-19,2.0812733E-17
20656.533,4.282987E-18,3.6847065E-19,2.1103497E-17
20666.713,2.093817E-19,2.3654114E-19,1.9847453E-17
20676.89,3.153909E-18,1.4671099E-19,1.8923072E-17
20687.07,4.7063107E-18,3.165026E-19,2.0894721E-17
20697.25,1.5974779E-18,3.5260249E-19,2.528078E-17
20707.428,7.679161E-18,5.9018385E-19,3.338879E-17
20717.607,4.2257183E-18,6.0167774E-19,3.6837377E-17
20727.785,6.964597E-18,6.9076483E-19,3.2433868E-17
20737.965,3.5817944E-19,5.351325E-19,2.7291593E-17
20748.143,3.499556E-18,4.6777084E-19,2.2066835E-17
20758.322,3.685196E-18,8.597712E-19,1.6988788E-17
20768.5,3.7889148E-19,1.6055569E-19,1.6091148E-17
20778.68,6.225243E-21,1.445395E-19,1.6367643E-17
20788.857,3.391281E-18,3.444155E-19,1.6661773E-17
20799.037,1.8420642E-18,2.4828992E-19,1.7430285E-17
20809.215,6.2012395E-18,3.5105093E-19,1.8273682E-17
20819.395,-7.349065E-19,4.069154E-19,1.788685E-17
20829.572,1.8596662E-18,2.4546742E-19,1.8867153E-17
20839.752,7.122144E-20,3.5496582E-19,2.1731434E-17
20849.93,3.0375489E-18,3.8311677E-19,2.1560567E-17
20860.11,2.401642E-18,3.55316E-19,2.3607078E-17
20870.29,-1.5764095E-18,5.2700633E-19,2.1746553E-17
20880.467,2.8447943E-18,3.513539E-19,2.1174831E-17
20890.646,2.6000903E-19,3.815679E-19,2.382893E-17
20900.824,1.4538886E-18,3.8710533E-19,2.4235146E-17
20911.004,1.5286049E-18,3.867154E-19,2.3933942E-17
20921.182,1.8261536E-18,3.5555963E-19,2.0354261E-17
20931.361,5.98457E-19,2.8585594E-19,1.6418349E-17
20941.54,1.7054629E-18,1.5174979E-19,1.6585891E-17
20951.719,3.8911904E-18,4.9184904E-19,1.6990736E-17
20961.896,0.0,-1.5378457E-20,1.6185316E-17
20972.076,3.870146E-19,1.5315664E-19,1.7284156E-17
20982.254,1.5478743E-18,2.6599864E-19,1.770746E-17
20992.434,-1.543914E-19,1.6751622E-19,1.7513104E-17
21002.611,1.6510462E-18,2.454472E-19,1.9097068E-17
21012.791,2.3485269E-18,2.6785372E-19,2.0222996E-17
21022.97,9.170389E-19,2.4139423E-19,2.0936146E-17
21033.148,4.120009E-18,3.2784257E-19,2.7988725E-17
21043.328,4.2103274E-18,4.5662944E-19,2.911764E-17
21053.506,3.345014E-18,4.1334536E-19,2.416551E-17
21063.686,1.1102457E-18,3.441996E-19,2.6626643E-17
21073.863,5.0301473E-18,4.8978843E-19,2.5704699E-17
21084.043,1.736564E-19,4.0137236E-19,2.6939937E-17
21094.22,-7.865994E-19,3.787229E-19,2.885233E-17
21104.4,4.811416E-18,5.131502E-19,2.907207E-17
21114.578,1.790951E-18,4.0123243E-19,2.6467485E-17
21124.758,-6.1517427E-19,4.370077E-19,2.1319358E-17
21134.936,2.199144E-18,2.8305635E-19,2.1521587E-17
21145.115,4.004975E-18,3.8195843E-19,2.2781605E-17
21155.293,3.4151454E-18,3.7577543E-19,2.4826693E-17
21165.473,2.5118965E-18,4.6522096E-19,2.9096998E-17
21175.65,-3.7231955E-19,3.7296196E-19,2.9703655E-17
21185.83,7.388454E-18,4.747139E-19,2.4458685E-17
21196.01,6.87804E-19,4.474581E-19,2.2448418E-17
21206.188,-7.076907E-19,3.0602617E-19,2.4425176E-17
21216.367,2.2383906E-18,3.2640477E-19,2.6723497E-17
21226.545,3.1625983E-18,3.843385E-19,2.9470963E-17
21236.725,1.8565936E-18,4.3424966E-19,2.67806E-17
21246.902,-4.8103205E-19,3.7508045E-19,2.5793535E-17
21257.082,3.313342E-18,6.321727E-19,2.6060064E-17
21267.26,2.5468078E-18,3.5290523E-19,2.1569226E-17
21277.44,4.419258E-18,3.2001912E-19,2.2272473E-17
21287.617,1.6721947E-18,3.3191292E-19,2.239707E-17
21297.797,1.3689279E-18,2.7298834E-19,2.3082243E-17
21307.975,4.6469733E-18,4.5215543E-19,2.3043659E-17
21318.154,1.3760539E-18,4.0069407E-19,2.377274E-17
21328.332,1.4383952E-18,4.0325194E-19,2.1708766E-17
21338.512,-2.1011879E-20,3.3631075E-19,2.0132759E-17
21348.69,3.1852482E-19,2.9356263E-19,2.1137383E-17
21358.87,9.369366E-19,2.1037361E-19,2.0286436E-17
21369.049,-1.8080378E-20,2.408648E-19,2.1476843E-17
21379.227,4.647628E-19,2.66212E-19,2.1783156E-17
21389.406,4.200894E-18,2.4466154E-19,2.0216594E-17
21399.584,1.9976883E-18,2.8309856E-19,2.1074476E-17
21409.764,4.2481924E-18,3.3368613E-19,2.2330371E-17
21419.941,3.2165352E-18,2.8613211E-19,2.2810536E-17
21430.121,1.890796E-18,1.7456827E-19,2.0700797E-17
21440.299,9.70947E-19,1.4393778E-19,2.07592E-17
21450.479,2.930438E-18,3.0399487E-19,2.0871568E-17
21460.656,1.9916873E-18,2.4473048E-19,2.4068231E-17
21470.836,1.617664E-18,2.4009832E-19,2.839363E-17
21481.014,1.3497075E-18,4.9707413E-19,3.6230067E-17
21491.193,2.9324126E-18,5.279591E-19,4.7407342E-17
21501.371,7.15764E-18,7.9388804E-19,4.4703E-17
21511.55,5.368366E-18,6.557105E-19,4.493234E-17
21521.73,6.891141E-19,5.8533223E-19,4.334021E-17
21531.908,-1.4587145E-18,5.233935E-19,3.4544988E-17
21542.088,-4.4098663E-19,4.7768884E-19,3.3315123E-17
21552.266,1.024382E-18,3.5241797E-19,2.9775686E-17
21562.445,9.299919E-19,4.1589227E-19,2.8566322E-17
21572.623,3.7761196E-18,4.340306E-19,2.6977935E-17
21582.803,7.8165833E-19,4.497225E-19,2.4061377E-17
21592.98,-6.371388E-20,2.8745837E-19,2.5010656E-17
21603.16,1.407801E-18,2.976627E-19,2.53627E-17
21613.338,1.7933193E-18,1.9054218E-19,2.4618986E-17
21623.518,1.4393618E-18,3.6280336E-19,2.4036361E-17
21633.695,-1.7762118E-18,7.483372E-19,2.4558632E-17
21643.875,-4.473955E-19,2.0640688E-19,2.3555172E-17
21654.053,3.2094916E-18,2.4204303E-19,2.4128842E-17
21664.232,-3.7470747E-19,2.3256734E-19,2.4631703E-17
21674.41,1.2585265E-18,2.6599352E-19,2.5510197E-17
21684.59,2.0480481E-18,2.7627222E-19,2.6402596E-17
21694.77,6.744548E-19,3.1128763E-19,2.9922332E-17
21704.947,9.584297E-19,2.50937E-19,3.230844E-17
21715.127,2.3925134E-18,3.3464437E-19,3.051222E-17
21725.305,8.833335E-19,4.098299E-19,2.7586242E-17
21735.484,9.26823E-19,3.502654E-19,2.4825967E-17
21745.662,0.0,-1.459045E-20,2.5677223E-17
21755.842,2.533788E-19,1.44838E-19,2.6787804E-17
21766.02,3.4264416E-18,2.5866967E-19,2.735973E-17
21776.2,1.8925502E-18,4.3502395E-19,2.6522625E-17
21786.377,1.6308503E-18,4.409954E-19,3.1446356E-17
21796.557,3.0200569E-18,4.897789E-19,3.5450235E-17
21806.734,3.9794192E-20,4.3555097E-19,3.0916233E-17
21816.914,-1.1892664E-19,3.464029E-19,2.667632E-17
21827.092,-1.1035469E-18,3.0141394E-19,2.420476E-17
21837.271,2.0443585E-18,2.1775258E-19,2.3487774E-17
21847.451,-9.755108E-19,2.4913015E-19,2.6958526E-17
21857.629,6.5693407E-19,3.9902182E-19,2.819387E-17
21867.809,1.0185816E-18,3.9824468E-19,2.7752363E-17
21877.986,1.9854217E-18,4.2704634E-19,2.5254317E-17
21888.166,2.1318099E-18,3.0903607E-19,2.1057026E-17
21898.344,3.3195388E-20,2.3083418E-19,2.5864004E-17
21908.523,-5.293631E-19,2.0966118E-19,2.3921524E-17
21918.701,1.123631E-18,2.017448E-19,2.4670653E-17
21928.88,3.9331226E-18,3.9743513E-19,3.6585537E-17
21939.059,3.2574929E-18,4.8153244E-19,4.294067E-17
21949.238,-1.7204666E-18,7.0853655E-19,4.4153085E-17
21959.416,1.5540065E-18,4.98426E-19,4.29194E-17
21969.596,3.338456E-18,4.376999E-19,3.8305305E-17
21979.773,1.869924E-18,3.2239835E-19,3.393268E-17
21989.953,1.6756649E-19,3.037165E-19,3.7024124E-17
22000.13,2.5620127E-18,2.386255E-19,3.6931507E-17
22010.31,2.497205E-18,2.8022718E-19,3.5807434E-17
22020.49,5.227155E-18,3.3468534E-19,4.0335835E-17
22030.668,1.1435615E-18,2.7536628E-19,5.3802497E-17
22040.848,-6.463394E-19,4.2672216E-19,4.2547415E-17
22051.025,-1.5168266E-20,5.0622223E-19,3.9072687E-17
22061.205,-1.4848615E-18,7.9890505E-19,3.925616E-17
22071.383,6.984418E-18,3.7516177E-19,3.4795177E-17
22081.562,2.8314512E-18,2.821647E-19,3.2907286E-17
22091.74,-5.4624433E-19,3.2925847E-19,3.895742E-17
22101.92,-3.1461652E-19,4.8665827E-19,3.8724745E-17
22112.098,3.5182155E-18,4.7326074E-19,4.435235E-17
22122.277,1.1482387E-18,5.1924665E-19,4.4797177E-17
22132.455,-8.280574E-19,4.340269E-19,4.2131343E-17
22142.635,4.9936947E-18,4.8542014E-19,3.9892466E-17
22152.812,0.0,-1.448999E-20,3.6316117E-17
22162.992,3.4894345E-18,3.5180402E-19,3.5870062E-17
22173.17,1.8500719E-19,1.821652E-19,3.6775676E-17
22183.35,5.4048705E-18,3.2862244E-19,3.3791165E-17
22193.53,-1.3441474E-19,1.752275E-19,3.4449207E-17
22203.707,2.4947304E-18,1.72838E-19,3.7354765E-17
22213.887,2.1795123E-18,2.1073243E-19,3.3528787E-17
22224.064,-3.1342124E-19,3.8515465E-19,3.680193E-17
22234.244,2.2377717E-18,3.0147422E-19,3.663607E-17
22244.422,3.1058026E-18,5.1525825E-19,3.88842E-17
22254.602,-1.3694334E-18,4.2297338E-19,4.0967152E-17
22264.78,-9.823592E-19,2.649437E-19,3.784535E-17
22274.959,0.0,-1.4348866E-20,3.6566588E-17
22285.137,-1.0246687E-18,3.5270625E-19,4.0853216E-17
22295.316,-6.8079896E-19,3.5714743E-19,4.6926595E-17
22305.494,3.6885485E-18,4.8279715E-19,4.3142783E-17
22315.674,-4.914962E-20,3.8606148E-19,4.4606366E-17
22325.852,-4.6841506E-19,3.5787393E-19,4.628222E-17
22336.031,3.1622612E-18,3.0395173E-19,4.2864142E-17
22346.21,2.178501E-18,6.993269E-19,4.1501733E-17
22356.389,1.4812907E-18,6.784532E-19,4.145688E-17
22366.568,2.7693494E-18,2.5237676E-19,3.9794945E-17
22376.746,0.0,-1.4425225E-20,3.9315693E-17
22386.926,1.7790494E-18,1.9465418E-19,3.9750866E-17
22397.104,2.4276165E-18,2.5465598E-19,3.7337987E-17
22407.283,1.6214679E-20,1.089498E-19,4.0567187E-17
22417.46,-2.8122386E-19,4.5499737E-19,4.283121E-17
22427.64,1.9196095E-18,2.893281E-19,4.2759113E-17
22437.818,1.5274538E-18,2.336491E-19,4.662734E-17
22447.998,1.9516779E-18,2.6779073E-19,4.542898E-17
22458.176,-4.8709073E-19,2.863067E-19,4.407362E-17
22468.355,1.0578944E-18,3.1717928E-19,4.3450494E-17
22478.533,1.6746278E-18,2.4661857E-19,4.1885657E-17
22488.713,-4.7501493E-19,2.5955994E-19,4.1572106E-17
22498.89,1.7763141E-18,2.4855353E-19,4.6651597E-17
22509.07,-2.0678987E-19,3.4661207E-19,4.7687852E-17
22519.25,6.3950925E-19,4.0669488E-19,4.757432E-17
22529.428,2.4844945E-18,3.4431804E-19,4.5568626E-17
22539.607,0.0,-1.462312E-20,4.6546826E-17
22549.785,3.249281E-19,1.603553E-19,4.32679E-17
22559.965,-3.545859E-19,1.547825E-19,4.752244E-17
22570.143,4.736741E-19,1.7987548E-19,4.6469048E-17
22580.322,3.4126564E-19,1.7567606E-19,4.9152065E-17
22590.5,2.842727E-18,1.7271247E-19,4.9474804E-17
22600.68,1.3774303E-18,1.7368348E-19,4.955633E-17
22610.857,9.79137E-19,2.9636674E-19,5.0586462E-17
22621.037,3.4650265E-18,3.4700684E-19,5.158174E-17
22631.215,1.4919794E-18,2.8474708E-19,5.1977247E-17
22641.395,2.7515142E-18,2.5973065E-19,5.0131228E-17
22651.572,1.8792098E-18,1.9722659E-19,4.7986997E-17
22661.752,3.5666973E-18,2.2269382E-19,5.406729E-17
22671.93,1.7565867E-18,2.4728944E-19,5.0929993E-17
22682.11,1.0071141E-18,3.5682144E-19,4.7780298E-17
22692.29,8.792608E-19,2.0704492E-19,5.5109062E-17
22702.467,1.949654E-18,2.2543174E-19,5.3239425E-17
22712.646,1.1557995E-18,2.6128118E-19,5.482412E-17
22722.824,2.8230202E-18,4.562272E-19,5.1936642E-17
22733.004,2.980392E-18,2.6696034E-19,5.079658E-17
22743.182,1.3775969E-18,2.8837083E-19,5.1841914E-17
22753.361,2.06847E-18,3.7032912E-19,5.7454265E-17
22763.54,1.7916612E-18,2.0450795E-19,5.2570594E-17
22773.719,3.4608552E-18,2.2952378E-19,5.507839E-17
22783.896,-3.0682243E-19,1.7225365E-19,5.3709777E-17
22794.076,0.0,-1.4541428E-20,4.8858674E-17
22804.254,2.1386062E-18,3.3520122E-19,5.626394E-17
22814.434,-1.726821E-19,1.5114726E-19,5.705684E-17
22824.611,-9.0106225E-20,2.7007274E-19,5.5930386E-17
22834.791,3.4329886E-18,1.7116203E-19,5.7218E-17
22844.97,3.2789407E-20,2.2236396E-19,5.861296E-17
22855.148,1.5011215E-18,2.2889023E-19,5.718833E-17
22865.328,-1.1844059E-19,1.8525817E-19,5.839451E-17
22875.506,2.3106966E-18,2.9727517E-19,5.7723926E-17
22885.686,4.3746137E-18,3.2959133E-19,6.256712E-17
22895.863,2.1218663E-19,4.870018E-19,6.420202E-17
22906.043,-1.7797304E-18,7.520269E-19,6.195182E-17
22916.22,2.0417727E-18,2.0745121E-19,6.3759346E-17
22926.4,-2.314505E-19,1.7303286E-19,6.1896946E-17
22936.578,4.8254276E-18,2.9070353E-19,6.7516023E-17
22946.758,5.549604E-18,2.7819035E-19,7.0891086E-17
22956.936,6.7531754E-19,1.7153495E-19,6.399898E-17
22967.115,1.553729E-18,3.29536E-19,6.5879364E-17
22977.293,4.89467E-18,3.1649634E-19,6.932437E-17
22987.473,1.0522624E-18,2.502824E-19,6.149844E-17
22997.65,5.398856E-19,2.1028184E-19,6.701656E-17
23007.83,1.794473E-18,3.9303818E-19,6.6528535E-17
23018.01,2.3774472E-18,2.344172E-19,6.9511435E-17
23028.188,3.9751616E-18,2.751584E-19,6.9018647E-17
23038.367,1.1817177E-19,2.6784152E-19,6.735608E-17
23048.545,5.1754615E-18,2.8283053E-19,6.969249E-17
23058.725,7.7898406E-19,1.9422591E-19,6.8512875E-17
23068.902,6.8702065E-19,2.0828794E-19,6.902952E-17
23079.082,3.9849256E-18,3.773369E-19,6.536915E-17
23089.26,6.2354992E-18,3.5482367E-19,6.8973714E-17
23099.44,-6.996361E-20,1.7130978E-19,6.549718E-17
23109.617,-6.102354E-19,1.59663E-19,6.5124446E-17
23119.797,0.0,-1.3795411E-20,6.6654604E-17
23129.975,-9.435564E-20,2.121041E-19,6.3453766E-17
23140.154,1.3334672E-19,2.3906647E-19,7.029328E-17
23150.332,1.6372525E-18,2.766344E-19,8.059936E-17
23160.512,-2.125181E-18,8.0127724E-19,8.0777635E-17
23170.691,-4.916097E-19,2.3541945E-19,9.149225E-17
23180.87,3.4651998E-18,2.606429E-19,8.1975505E-17
23191.049,4.2081813E-18,1.0035396E-18,7.168519E-17
23201.227,3.9806413E-18,2.8664768E-19,7.7706306E-17
23211.406,4.0947703E-18,3.2419997E-19,8.217962E-17
23221.584,-2.7002277E-19,2.2667703E-19,8.172386E-17
23231.764,3.003758E-18,3.4030355E-19,8.028522E-17
23241.941,2.8260458E-18,3.2858044E-19,7.157906E-17
23252.121,2.6508496E-18,3.2050374E-19,7.28639E-17
23262.299,1.6711764E-18,1.9639938E-19,7.8911747E-17
23272.479,3.648742E-18,2.409435E-19,8.012872E-17
23282.656,0.0,-1.4129272E-20,7.907502E-17
23292.836,-1.5790994E-18,7.4306394E-19,8.119497E-17
23303.014,2.8845438E-18,2.8084294E-19,8.541303E-17
23313.193,2.6905802E-19,2.0554351E-19,8.430083E-17
23323.371,2.4291174E-18,2.1132482E-19,7.807887E-17
23333.55,1.3951369E-19,1.4442611E-19,7.7585584E-17
23343.73,6.3696847E-19,2.352141E-19,8.368653E-17
23353.908,-1.28313E-19,1.6294985E-19,8.26204E-17
23364.088,8.945405E-19,1.8936162E-19,8.248103E-17
23374.266,2.5198798E-18,8.131479E-19,8.744787E-17
23384.445,1.1828292E-18,1.6599254E-19,9.102757E-17
23394.623,-6.8125127E-19,1.805543E-19,9.245357E-17
23404.803,-2.831313E-19,9.34708E-19,9.5563236E-17
23414.98,7.2774683E-19,1.5610503E-19,9.487064E-17
23425.16,1.3272423E-18,2.1264841E-19,8.3864964E-17
23435.338,5.6567424E-18,9.060881E-19,8.916434E-17
23445.518,2.610786E-18,2.4729412E-19,8.610364E-17
23455.695,0.0,-1.495077E-20,8.8238E-17
23465.875,2.0569269E-18,1.8576255E-19,9.6314144E-17
23476.053,1.3205141E-18,1.7652964E-19,9.571399E-17
23486.232,6.477321E-18,4.6049863E-19,9.4043726E-17
23496.41,6.7552423E-19,2.7501313E-19,1.05520916E-16
23506.59,3.593675E-18,4.0620736E-19,1.1151169E-16
23516.77,1.0180163E-17,4.220407E-19,1.05833134E-16
23526.947,3.0656821E-18,6.549755E-19,1.0391674E-16
23537.127,-3.9317807E-19,2.32327E-19,1.0517557E-16
23547.305,3.0887888E-18,3.026864E-19,9.8113686E-17
23557.484,7.081342E-18,3.870619E-19,1.0855937E-16
23567.662,1.1419654E-18,6.1354106E-19,1.05075456E-16
23577.842,-1.621813E-19,1.4655863E-19,1.0383095E-16
23588.02,6.820568E-19,2.1593598E-19,9.632388E-17
23598.2,3.842647E-18,6.818572E-19,9.764126E-17
23608.377,2.2765522E-18,2.5042193E-19,9.052002E-17
23618.557,0.0,-1.4292792E-20,9.218081E-17
23628.734,-2.610842E-19,1.7442327E-19,9.6430704E-17
23638.914,4.103881E-18,2.5582724E-19,1.0282988E-16
23649.092,3.3074467E-18,2.506254E-19,9.440173E-17
23659.271,4.9880924E-19,4.881212E-19,1.033123E-16
23669.451,1.6634378E-18,2.3054982E-19,1.09078355E-16
23679.629,8.230841E-18,4.0934012E-19,1.1376867E-16
23689.809,4.266818E-18,3.8883814E-19,1.2572742E-16
23699.986,3.3106285E-18,2.0646286E-19,1.4788008E-16
23710.166,7.611433E-18,4.662582E-19,1.4676157E-16
23720.344,8.464148E-18,1.7031507E-18,1.2070794E-16
23730.523,1.5412632E-18,2.1178561E-19,1.1054279E-16
23740.701,0.0,-1.506636E-20,1.1333157E-16
23750.88,4.2349791E-19,2.768976E-19,1.1700165E-16
23761.059,3.3088387E-18,5.5916303E-19,1.218842E-16
23771.238,2.0575417E-18,3.5597353E-19,1.2979225E-16
23781.416,3.8459283E-18,2.9442333E-19,1.2331431E-16
23791.596,1.7094889E-18,2.325628E-19,1.2242764E-16
23801.773,6.445195E-20,1.566824E-19,1.2201933E-16
23811.953,3.5505868E-18,3.6181736E-19,1.2378037E-16
23822.13,1.6638523E-18,3.2537082E-19,1.3329086E-16
23832.31,-4.60487E-19,2.467949E-19,1.349623E-16
23842.49,5.6712504E-20,2.736975E-19,1.3441334E-16
23852.668,5.6444352E-18,3.9144782E-19,1.2878797E-16
23862.848,-1.01505666E-19,3.0814305E-19,1.3265195E-16
23873.025,5.14392E-18,5.6062063E-19,1.3076448E-16
23883.205,2.5771215E-18,4.529901E-19,1.2977715E-16
23893.383,4.6156595E-18,4.285828E-19,1.3485146E-16
23903.562,1.6336217E-18,3.4658503E-19,1.3823369E-16
23913.74,0.0,-1.5608386E-20,1.3134632E-16
23923.92,6.7918845E-18,4.30823E-19,1.3491467E-16
23934.098,3.650858E-18,2.4436267E-19,1.2585433E-16
23944.277,-7.1475255E-19,2.502976E-19,1.298504E-16
23954.455,-1.2441902E-18,3.1679715E-19,1.3699456E-16
23964.635,3.8246052E-18,3.3039318E-19,1.334263E-16
23974.812,5.0879507E-18,3.5390873E-19,1.348234E-16
23984.992,1.2121596E-18,2.4394487E-19,1.3802567E-16
23995.17,2.5687879E-18,2.5631507E-19,1.2946116E-16
24005.35,1.7450872E-18,2.0398421E-19,1.2997007E-16
24015.53,4.527772E-18,3.645717E-19,1.3955933E-16
24025.707,3.2026808E-18,2.508067E-19,1.4389494E-16
24035.887,5.4173845E-18,3.1776337E-19,1.518868E-16
24046.064,2.715949E-18,2.884574E-19,1.5935669E-16
24056.244,0.0,-1.6124875E-20,1.6567964E-16
24066.422,2.550568E-18,5.134025E-19,1.781727E-16
24076.602,2.1777205E-18,2.4312697E-19,1.7203428E-16
24086.78,7.701295E-19,4.0455972E-19,1.6128857E-16
24096.959,4.3560597E-18,3.2136458E-19,1.6053113E-16
24107.137,0.0,-1.5936234E-20,1.6006007E-16
24117.316,5.8000424E-18,5.737001E-19,1.6125676E-16
24127.494,0.0,-1.5987314E-20,1.6009623E-16
24137.674,3.6265914E-19,3.9465035E-19,1.648401E-16
24147.852,4.4223524E-18,4.0922163E-19,1.9085496E-16
24158.031,2.4484463E-18,4.8406687E-19,1.9299824E-16
24168.21,1.6330668E-18,5.224359E-19,2.0696051E-16
24178.389,-1.8130278E-19,3.537153E-19,2.3115336E-16
24188.568,7.186244E-20,2.3884114E-19,2.4518936E-16
24198.746,3.114931E-18,2.4856488E-19,2.102011E-16
24208.926,4.724963E-18,3.5901577E-19,1.6585722E-16
24219.104,9.525212E-19,2.4579072E-19,1.6612394E-16
24229.283,1.583469E-18,2.7069067E-19,1.6093118E-16
24239.46,6.6787138E-18,9.121411E-19,1.6655083E-16
24249.64,3.5119126E-19,2.4172694E-19,1.789015E-16
24259.818,1.0759884E-18,5.7936743E-19,1.765518E-16
24269.998,2.8137074E-18,3.10665E-19,1.6323947E-16
24280.176,5.145291E-18,3.5600866E-19,1.536066E-16
24290.355,6.677942E-18,4.613814E-19,1.5454558E-16
24300.533,0.0,-1.4624647E-20,1.5184691E-16
24310.713,2.2582653E-18,5.641649E-19,1.4602258E-16
24320.89,9.560451E-19,2.1929734E-19,1.5501862E-16
24331.07,9.474597E-19,2.4285506E-19,2.1770695E-16
24341.25,5.8206657E-18,4.6898437E-19,2.8958852E-16
24351.428,2.245514E-18,5.0399913E-19,3.7809131E-16
24361.607,-6.2324156E-20,2.6732252E-19,2.983379E-16
24371.785,-2.4829507E-18,6.243904E-19,2.1648931E-16
24381.965,-5.7609072E-18,2.949101E-18,1.9261744E-16
24392.143,2.5329722E-18,3.2148457E-19,1.7220021E-16
24402.322,1.3773029E-19,1.7706452E-19,1.6626653E-16
24412.5,6.007691E-18,1.351567E-18,1.7001729E-16
24422.68,-4.132189E-19,4.157395E-19,1.8651744E-16
24432.857,5.5590677E-18,3.9693986E-19,2.0649259E-16
24443.037,6.949059E-18,4.3313126E-19,2.3752495E-16
24453.215,2.6219276E-17,2.182753E-18,2.97592E-16
24463.395,8.471491E-18,1.3664064E-18,3.1730693E-16
24473.572,1.5813597E-17,1.5806688E-18,2.9500575E-16
24483.752,4.014814E-18,3.3183059E-19,2.8965769E-16
24493.932,9.901406E-18,5.9972595E-19,3.030313E-16
24504.11,2.41566E-17,3.3679488E-18,3.5097152E-16
24514.29,1.841561E-18,4.2404783E-19,3.247456E-16
24524.467,1.0845994E-17,5.467218E-19,2.8310994E-16
24534.646,5.982499E-19,3.5414673E-19,2.6145347E-16
24544.824,2.2898574E-18,3.1475318E-19,2.6435774E-16
24555.004,8.193724E-19,3.4296426E-19,2.2735698E-16
24565.182,-1.823007E-18,7.2588335E-19,2.0209988E-16
24575.361,5.5101156E-18,3.909795E-19,1.8400425E-16
24585.54,2.5119441E-20,2.6893526E-19,1.9370611E-16
24595.719,4.5295223E-18,4.4281667E-19,1.890152E-16
24605.896,-3.496323E-19,2.8743092E-19,2.290615E-16
24616.076,3.647651E-18,3.9139276E-19,2.6117483E-16
24626.254,0.0,-1.8920537E-20,2.8037418E-16
24636.434,-4.2177935E-18,1.7376248E-18,2.695507E-16
24646.611,0.0,-1.6699773E-20,2.3533376E-16
24656.791,-1.2624322E-18,9.088233E-19,2.21374E-16
24666.97,1.1874253E-17,5.5499104E-19,2.474707E-16
24677.148,-9.55001E-19,2.0761382E-19,2.438691E-16
24687.328,1.4046247E-18,1.4117366E-18,2.349518E-16
24697.506,8.171035E-18,1.2402991E-18,2.7234534E-16
24707.686,3.101537E-18,8.5214415E-19,3.392376E-16
24717.863,-1.7480618E-18,1.624542E-18,4.6916853E-16
24728.043,1.7737068E-17,1.853994E-18,4.3172496E-16
24738.22,5.424013E-18,4.3951627E-19,3.3248245E-16
24748.4,2.9620449E-18,6.3556076E-19,2.7880944E-16
24758.578,1.8007255E-18,3.0171258E-19,2.5733287E-16
24768.758,8.298735E-18,5.631388E-19,2.9056875E-16
24778.936,4.941988E-18,4.7886447E-19,3.1086676E-16
24789.115,8.852265E-18,6.023231E-19,3.5754065E-16
24799.293,3.2206176E-18,5.0066394E-19,4.501943E-16
24809.473,8.848686E-19,4.872586E-19,4.7618604E-16
24819.65,3.241917E-18,4.372845E-19,4.480826E-16
24829.83,2.0115912E-17,9.317543E-19,5.018297E-16
24840.01,-3.114346E-18,2.315421E-18,5.231967E-16
24850.188,0.0,-2.3476442E-20,4.799997E-16
24860.367,-3.892127E-18,1.3775656E-18,5.3688003E-16
24870.545,4.0047263E-18,5.6335167E-19,6.5707993E-16
24880.725,1.6976597E-17,1.0131398E-18,6.763018E-16
24890.902,-1.1843298E-18,1.5465074E-18,5.82453E-16
24901.082,7.76109E-18,6.2577433E-19,5.0921625E-16
24911.26,1.8157766E-17,9.292091E-19,5.805519E-16
24921.44,1.2393446E-17,7.676023E-19,5.9351E-16
24931.617,5.86964E-17,3.674051E-18,7.1471396E-16
24941.797,0.0,-3.394549E-20,8.209205E-16
24951.975,1.627256E-17,9.283401E-19,6.6629004E-16
24962.154,1.6834404E-18,3.3007414E-19,5.4046875E-16
24972.332,5.4255475E-18,4.5203446E-19,4.5980236E-16
24982.512,1.4882787E-18,3.2619242E-19,3.887321E-16
24992.691,2.9782615E-18,4.423383E-19,3.855012E-16
25002.87,6.633682E-18,4.1824015E-19,3.47918E-16
25013.049,3.0913133E-18,3.4843598E-19,3.95982E-16
25023.227,6.0157827E-19,2.3654364E-19,4.666106E-16
25033.406,0.0,-2.1706945E-20,5.8305465E-16
25043.584,1.30080066E-17,7.4990085E-19,6.5171536E-16
25053.764,5.83394E-18,5.781909E-19,6.2785745E-16
25063.941,3.1159184E-18,4.185321E-19,4.965781E-16
25074.121,3.678221E-18,3.4895364E-19,4.3734722E-16
25084.299,1.3557908E-18,3.818764E-19,4.600018E-16
25094.479,-5.7034336E-19,3.8600293E-19,5.520681E-16
25104.656,7.04225E-18,6.6264793E-19,7.2134215E-16
25114.836,3.525513E-18,1.2913332E-18,7.712286E-16
25125.014,1.1993337E-17,1.7304729E-18,7.148135E-16
25135.193,1.2388313E-17,7.016177E-19,7.6592367E-16
25145.371,-1.1977937E-18,4.4602287E-19,1.0401451E-15
25155.55,6.4828196E-18,7.5027944E-19,1.6836149E-15
25165.73,1.0398197E-17,9.673961E-19,1.8333382E-15
25175.908,9.124581E-18,3.5950423E-18,1.212649E-15
25186.088,0.0,-3.3033254E-20,9.744218E-16
25196.266,2.7387638E-18,5.113583E-19,7.2836405E-16
25206.445,7.8737064E-18,1.153652E-18,6.805035E-16
25216.623,8.2810085E-18,8.039307E-19,7.7474827E-16
25226.803,1.3673833E-17,8.1709837E-19,8.965978E-16
25236.98,2.2893406E-18,5.483638E-19,1.1803098E-15
25247.16,1.49487E-17,9.899792E-19,1.529308E-15
25257.338,1.1414634E-17,2.1746605E-18,1.7909457E-15
25267.518,9.196933E-18,1.3440385E-18,2.0851563E-15
25277.695,4.8186265E-18,1.8968122E-18,2.038433E-15
25287.875,7.846575E-18,2.0517038E-18,3.0643058E-15
25298.053,3.1094616E-17,3.1369185E-18,4.040494E-15
25308.232,5.729345E-17,3.7613784E-18,6.2844415E-15
25318.412,-4.5714083E-18,9.759498E-18,6.072976E-15
25328.59,0.0,-1.0612485E-19,4.3015535E-15
25338.77,4.0171934E-17,2.233914E-18,3.2411426E-15
25348.947,6.129161E-17,3.7676745E-18,5.6951857E-15
25359.127,4.2899698E-17,2.9754944E-18,6.5296656E-15
25369.305,6.676472E-17,5.002717E-18,4.786945E-15
25379.484,1.0012736E-16,5.2640666E-18,4.3852285E-15
25389.662,9.724485E-17,5.146278E-18,4.354443E-15
25399.842,9.393384E-17,4.9845685E-18,4.285308E-15
25410.02,9.225908E-17,4.9084848E-18,4.2877612E-15
